gene_name,gene_id
AARS,NA
ABCC1,NA
ABCC3,NA
ABCC4,NA
ABCD3,NA
ABCE1,NA
ABCG1,NA
ABI1,NA
ABL2,NA
ABLIM3,NA
ACACA,NA
ACADL,NA
ACAT1,NA
ACAT2,NA
ACKR4,ncbi_100859797
ACLY,NA
ACO1,NA
ACO2,NA
ACOT7,NA
ACPL2,NA
ACSL1,NA
ACSL4,NA
ACSL5,ncbi_423896
ACTA1,NA
ACTB,NA
ACTBL2L,ncbi_426652
ACTN1,NA
ACVR1,NA
ADA,ncbi_419194
ADAM17,NA
ADAM5P,ncbi_423946
ADAM9,NA
ADAMTS2,NA
ADAMTS3,ncbi_428760
ADAMTS5,ncbi_427971
ADAMTS8,ncbi_769222
ADAR,ncbi_769675
ADCYAP1R1,ncbi_420386
ADFP,NA
ADGRD2,ncbi_100858563
ADGRL4,ncbi_424546
ADH1C,NA
ADK,NA
ADM,ncbi_423042
ADRM1,NA
ADSL,NA
ADSS,NA
AFF4,NA
AGPAT9,NA
AGRN,NA
AGT,NA
AHCY,NA
AHNAK2,NA
AHR,NA
AHR1B,ncbi_100859347
AHR2,ncbi_424033
AIG1,NA
AIM1,NA
AIPL1,ncbi_769785
AKAP1,NA
AKAP12,NA
AKR1B1,NA
AKT3,NA
ALCAM,NA
ALDH1A1,NA
ALDH1A3,NA
ALDH2,NA
ALDH4A1,NA
ALDH7A1,NA
ALDH9A1,NA
ALG3,NA
ALK,ncbi_421297
ALOX5,ncbi_423769
ALS2CR2,NA
AMFR,NA
AMPD3,NA
AMPH,NA
ANGPTL1,NA
ANK3,NA
ANKFY1,NA
ANKRD1,NA
ANKRD22,NA
ANKS1A,NA
ANLN,NA
ANP32A,NA
ANXA1,NA
ANXA5,NA
ANXA7,NA
AP1S2,NA
AP3M2,NA
APAF1,ncbi_417926
APBB2,NA
APOA2,ncbi_100858842
APOB,NA
APOD,NA
APOF,ncbi_107055401
APP,NA
APPBP1,NA
AQP1,ncbi_420384
AQP9,NA
ARFGAP3,NA
ARG2,NA
ARHGAP21,NA
ARHGAP25,NA
ARHGAP26,NA
ARHGAP8,ncbi_418239
ARHGDIA,NA
ARHGEF3,NA
ARID1B,NA
ARID5A,ncbi_101749459
ARL10,ncbi_416229
ARL6,NA
ARL6IP1,NA
ARL6IP5,NA
ARMC1,NA
ARMC3,ncbi_420503
ARNTL,NA
ARPP21,ncbi_428459
ASB2,NA
ASCC2,NA
ASCC3L1,NA
ASL2,ncbi_417545
ASNS,NA
ASPA,NA
ASPG,ncbi_772201
ASS1,ncbi_417185
ATF3,ncbi_421369
ATG7,NA
ATOH8,ncbi_771738
ATP10A,NA
ATP13A3,NA
ATP1B3,NA
ATP2A2,NA
ATP2B1,NA
ATP2B2,NA
ATP5O,NA
ATP6AP2,NA
ATP6V0B,NA
ATP6V0C,NA
ATP6V0D1,NA
ATP6V1A,NA
ATP6V1B2,NA
ATP9B,NA
ATXN10,NA
ATXN7,NA
AUTS2,ncbi_417481
AvBD4,ncbi_414342
AVEN,NA
AXUD1,NA
AZI2,NA
B2M,ncbi_414830
B3GNT7,ncbi_424930
B4GALNT4,ncbi_770601
B4GALT1,NA
B4GALT5,NA
BAG1,NA
BAG3,ncbi_423931
BAI3,NA
BAK1,NA
BCKDHA,NA
BCL11A,NA
BCL2A1,NA
BCL2L13,NA
BCL6,NA
BCLAF1,NA
BCO1,ncbi_395346
BCR,NA
BEND6,ncbi_775985
BEST4,ncbi_771694
BF1,ncbi_693260
BF2,ncbi_425389
BHLHB2,NA
BID,NA
BIRC2,NA
BIRC7,ncbi_419239
BLB1,ncbi_693256
BLNK,NA
BLVRA,NA
BLZF1,NA
BMP2,ncbi_378779
BMP3,ncbi_422581
BMP4,ncbi_396165
BNIP1,NA
BPGM,NA
BRCA1,NA
BRD2,NA
BRD3,NA
BRF2,NA
BSG,NA
BTBD11,NA
BTG1,NA
BTG2,NA
BTN1A1,ncbi_420061
BUB1,NA
BUD31,NA
BZW1,NA
C12orf35,NA
C15orf48,NA
C16orf71,ncbi_100858336
C19orf28,NA
C1R,ncbi_418295
C1S,ncbi_418294
C20orf175,NA
C21orf7,NA
C22orf28,NA
C26H6ORF222,ncbi_419812
C2orf56,NA
C3,ncbi_396370
C3AR1,NA
C3H8ORF80,ncbi_422000
C4BPA,NA
C4orf32,NA
C4orf33,NA
C5NT1AL,ncbi_770392
C8G,ncbi_770691
C8orf32,NA
C9orf119,NA
C9orf19,NA
C9orf91,NA
CABC1,NA
CACNA1E,ncbi_424412
CALCOCO2,ncbi_419993
CALD1,NA
CALM1,NA
CALM3,NA
CAMK1D,ncbi_425522
CAMK2B,NA
CAMK2D,ncbi_422688
CAMK2G,NA
CAMKK2,ncbi_396405
CAMLG,NA
CANX,NA
CAPN2,NA
CAPN5,ncbi_419086
CAPRIN1,NA
CAPZA1,NA
CARD8,ncbi_416998
CARD9,ncbi_427756
CASP1,NA
CASP10,NA
CASP18,ncbi_693266
CASP7,ncbi_423901
CASP8,NA
CASP8AP2,NA
CAV1,NA
CAV2,NA
CBFB,NA
CBR1,NA
CBX1,NA
CBX3,NA
CCAR1,NA
CCBL1,NA
CCDC109B,NA
CCDC75,NA
CCDC80,ncbi_395074
CCDC92,NA
CCK,NA
CCL19,NA
CCL20,NA
CCL4,ncbi_395468
CCL5,NA
CCNA1,NA
CCNA2,NA
CCND1,NA
CCND2,NA
CCND3,NA
CCNF,NA
CCNH,NA
Ccr5,NA
CCR5,NA
CCR5 like,NA
CCR7,NA
CCR9,NA
CCT2,NA
CCT6A,NA
CCT8,NA
CD164,NA
CD200,NA
CD274,ncbi_427224
CD300A,NA
CD36,ncbi_417730
CD38,NA
CD40,NA
CD40LG,NA
CD44,NA
CD47,NA
CD7,ncbi_417346
CD74,NA
CD80,NA
CD81,NA
CD83,ncbi_420838
CD86,NA
CD9,NA
CD93,NA
CD99,NA
CDC123,NA
CDC16,NA
cdc2,NA
CDC2,NA
CDC20,NA
CDC27,NA
CDC5L,NA
CDC7,NA
CDC73,NA
CDH13,NA
CDH2,NA
CDH5,NA
CDK14,ncbi_420546
CDK9,NA
CDKL5,NA
CDKN1A,ncbi_378914
CDKN2B,NA
CDV3,NA
CEBPB,NA
CEBPZ,NA
CECR1,NA
CECR5L,ncbi_415969
CELSR1,ncbi_426068
CES1,NA
CETN2,NA
CFH,NA
CFI,NA
CFLAR,NA
CGRRF1,NA
CHD4,NA
CHIC1,NA
CHKA,NA
CHL1,ncbi_416102
CHMP4B,NA
CHMP5,NA
CHRNA4,NA
CHRNB2,NA
CIP1,NA
CISH,ncbi_395335
CKAP5,NA
CKB,NA
CL2,ncbi_422633
CLC2DL4,ncbi_100857569
CLC2DL5,ncbi_776458
CLDN1,NA
CLDN2,NA
CLDN34,ncbi_101749507
CLDN5,NA
CLDND1,NA
CLNS1A,NA
CLTA,NA
CLTC,NA
CLTCL1,NA
CLUAP1,NA
CMPK2,ncbi_421921
CMTM6,ncbi_420667
CMTM7,NA
CMTR1,ncbi_421434
CNP,ncbi_395921
CNTN1,ncbi_417786
CNTN5,ncbi_395317
COL11A1,NA
COL16A1,NA
COL17A1,ncbi_396503
COL3A1,ncbi_396340
COL4A1,NA
COL4A2,NA
COL6A3,NA
COL8A2,ncbi_428221
COL9A3,ncbi_396242
COMMD1,NA
COMMD3,NA
COMP,NA
COMT,NA
COPS2,NA
COPS5,NA
COX5A,NA
COX7C,NA
CP,NA
CPEB1,ncbi_415326
CPS1,ncbi_428994
CPSF4,NA
CPT1A,NA
CREB3,NA
CREB3L3,NA
CRP,NA
CRY1,NA
CRYAB,NA
CRYM,NA
CSDE1,NA
CSF1R,NA
CSF2RB,NA
CSF3,NA
CSF3R,NA
CSNK1A1,NA
CSNK1D,NA
CSRP1,NA
CSRP3,NA
CTCF,NA
CTGF,NA
CTH,NA
CTR9,NA
CTSA,NA
CTSH,NA
CTSK,NA
CTSS,NA
CTTN,NA
CX3CL1,ncbi_415651
CXCR4,NA
CXXC5,NA
CYBB,NA
CYCS,NA
CYGB,ncbi_427802
CYP1A2,ncbi_396051
CYP1B1,NA
CYP24A1,ncbi_395827
CYP27A1,NA
CYP2C23a,ncbi_414746
CYP2C23b,ncbi_414841
CYP2C45,ncbi_414833
CYP2J2,NA
CYP51A1,NA
CYP7B1,ncbi_420164
CYR61,ncbi_429089
CYTH1,NA
CYYR1,ncbi_770067
DARS,NA
DBN1,NA
DBT,NA
DCI,NA
DCP1A,NA
DCTN1,NA
DCUN1D4,NA
DDB2,NA
DDX1,NA
DDX10,NA
DDX17,NA
DDX18,NA
DDX19B,NA
DDX3X,NA
DDX52,NA
DDX60,ncbi_422427
DEDD,NA
DEFB1,NA
DEGS1,NA
DEK,NA
DENND2D,ncbi_421153
DFFA,NA
DHCR24,NA
DHFR,NA
DHRSX,ncbi_428007
DIO2,ncbi_373903
DLX5,ncbi_373969
DLX6,ncbi_772070
DMXL1,NA
DNAJA1,NA
DNAJC7,NA
DOC2B,ncbi_417624
DPM1,NA
DPT,NA
DR1,NA
DRAM1,ncbi_418095
DRG1,NA
DSP,NA
DST,ncbi_421884
DSTN,NA
DTX3L,ncbi_424267
DUSP1,NA
DUSP10,NA
DUSP3,NA
DUSP5,NA
DUSP6,NA
DYNLT1,NA
DYRK1A,NA
E2F3,NA
E2F4,NA
E2F6,NA
ECE1,NA
EDC4,NA
EDEM1,NA
EDEM2,NA
EDN1,ncbi_420854
EDN2,ncbi_419596
EDN3,NA
EEF1A1,NA
EEF1B2,NA
EEF1D,NA
EF2,XLOC_018133
EFCAB6,NA
EFR3A,NA
EGFLAM,ncbi_427445
EGFR,NA
EGR1,NA
EHHADH,NA
EIF1,NA
EIF1AY,NA
EIF2A,NA
EIF2AK2,ncbi_395147
EIF2S1,NA
EIF2S2,NA
EIF2S3,NA
EIF3A,NA
EIF3D,NA
EIF3E,NA
EIF3G,NA
EIF4A3,NA
EIF4E3,ncbi_416093
EIF4G1,NA
EIF4G2,NA
EIF5,NA
EIF5B,NA
ELAVL1,NA
ELAVL2,NA
ELF1,NA
ELK3,NA
ELK4,NA
ELMOD1,ncbi_418971
ELN,NA
EMILIN2,ncbi_421058
EMP2,NA
ENAH,NA
ENG,NA
ENO1,NA
ENO2,NA
ENPP1,NA
ENTPD8L,ncbi_417281
EPAS1,NA
EPB41,NA
EPB41L3,ncbi_421055
EPHA2,NA
EPHA4,NA
EPHB2,NA
EPRS,NA
EPS15,NA
EPS8,NA
EPSTI1,ncbi_418837
ERAP1,ncbi_427122
ERCC4,NA
EREG,NA
ERH,NA
ERLIN1,NA
ERLIN2,NA
ERRFI1,NA
ETFA,NA
ETS2,NA
ETV4,NA
ETV5,NA
ETV6,NA
ETV7,ncbi_419813
EVI2A,ncbi_776037
EVPL,NA
EWSR1,NA
EXD3,ncbi_417283
EXOC3L,ncbi_423478
EXOSC9,NA
EXT1,NA
EXTL2,NA
F2RL2,NA
F8,NA
FABP1,NA
FABP5,NA
FABP6,ncbi_416154
FABP7,NA
FADD,NA
FAH,NA
FAM110A,ncbi_100858650
FAM125B,NA
FAM155A,ncbi_768473
FAM184B,ncbi_100859145
FAM208B,ncbi_416689
FAM26E,ncbi_769904
FAM26F,NA
FAM3C,NA
FAM46C,NA
FAM70A,NA
FANCC,NA
FAS,NA
FASLG,NA
FASN,NA
FBN1,NA
FBN2,NA
FBN3,ncbi_395079
FBXO21,NA
FBXO39,NA
FBXW11,NA
Fcer1g,NA
FCER1G,NA
FCN2,NA
FDPS,NA
FER1L3,NA
FEZ1,NA
FGF13,ncbi_414831
FGF14,ncbi_395554
FGF2,NA
FGF3,NA
FGFBP2,NA
FGFRL1,ncbi_395107
FGG,NA
FGL2,ncbi_768821
FHIT,NA
FILIP1L,ncbi_769163
FKBP1B,NA
FKBP4,NA
FKBP5,NA
FKBP6,ncbi_417460
FLNB,ncbi_378913
FLT1,NA
FLT4,ncbi_395742
FMO3,ncbi_395267
FMR1,ncbi_422395
FN1,NA
FNBP4,NA
FNDC3A,ncbi_418863
FNDC3B,NA
FNDC4,NA
FOS,ncbi_396512
FOXA2,NA
FOXF1,NA
FOXG1,NA
FOXL1,ncbi_768576
FOXS1,ncbi_428156
FSD1L,ncbi_427302
FSHR,ncbi_395962
FST,NA
FTH1,NA
FUBP1,NA
FUT10,ncbi_395073
FXR1,NA
G0S2,NA
GABARAPL3,NA
GABRA2,ncbi_770511
GABRA3,NA
GADD45A,NA
GADD45B,NA
GAK,NA
GAL3ST1,NA
GALNT1,NA
GALNT2,NA
GAPDH,NA
GARS,NA
GATA3,ncbi_419106
GATA6,NA
GBE,ncbi_417972
GBP,ncbi_395366
GBP1,ncbi_419563
GBP4L,ncbi_415922
GBP6,NA
GCG,NA
GCH1,ncbi_396146
GCK,NA
GCLC,NA
GCLM,NA
GCSH,NA
GDF5,NA
GDPD4,ncbi_419084
GDPD5,ncbi_419070
GEM,NA
GEMIN8,NA
GFPT2,ncbi_426962
GGA1,NA
GGT5,ncbi_416943
GHSR,ncbi_378911
GIMAP7L2,ncbi_101747807
GIMAP7L5,ncbi_101751647
GIMAP8L1,ncbi_101751764
GINS1,NA
GJA4,NA
GK,NA
GLCCI1,ncbi_420580
GLG1,NA
GLI1,NA
GLI2,NA
GLIPR1,NA
GLMN,NA
GLO1,NA
GLRX,NA
GLT1D1,ncbi_416807
GLUD1,NA
GLUL,NA
GMFB,NA
GMPR,NA
GNA13,NA
GNAI1,NA
GNAZ,NA
GNB1,NA
GNG10,NA
GNGT2,ncbi_100859179
GNL2,NA
GOLGA3,NA
GOLGA7,NA
GP1BA,ncbi_100857333
GP5,ncbi_100857508
GPER1,ncbi_416457
GPI,NA
GPR133,NA
GPR22,ncbi_769379
GPR37,NA
GPS1,NA
GRB2,NA
GRIN2B,ncbi_417965
GRM8,NA
GSTO1,NA
GSTZ1,NA
GTF2H1,NA
GTPBP1,NA
GTPBP2,NA
GUSB,NA
GYG1,NA
GYS2,NA
H3F3B,NA
HADH,NA
HADHA,NA
HADHB,NA
HBE1,NA
HBEGF,NA
HCRT,NA
HDAC1,NA
HDC,NA
HDHD1A,NA
HDLBP,NA
HEATR7B2L1,ncbi_768434
HEG1,NA
HELB,ncbi_417836
HELZ2,ncbi_419265
HERC4L,ncbi_422513
HERPUD1,ncbi_415644
HESX1,NA
HEXB,NA
HEY1,NA
HIC1,NA
HIF1A,NA
HIRA,NA
HIST1H2B7,ncbi_417956
HIST2H2AC,NA
HIST2H3L,ncbi_769852
HK1,NA
HK2,NA
HLA-F10AL4,ncbi_100859134
HMGA1,NA
HMGA2,NA
HMGB1,NA
HMGB2,NA
HMGCR,NA
HMGN1,NA
HMGN2,NA
HMGN3,NA
HMMR,NA
HMOX1,NA
HNF1A,NA
HNMT,NA
HNRNPA2B1,NA
HNRNPU,NA
HNRPK,NA
HOPX,NA
HOXA4,NA
HOXB7,NA
HOXC4,ncbi_107055411
HPRT1,NA
HPS5,ncbi_423079
HPSE,NA
HRASLS,ncbi_424903
HSD11B1,NA
HSF1,NA
HSP90AA1,NA
HSPA4,NA
HSPA8,ncbi_395853
HSPB2,NA
HSPD1,NA
HSPE1,NA
HTD2,ncbi_112533344
HTR2A,ncbi_428070
HTR2C,ncbi_428707
HTRA3,ncbi_422868
HYAL3,ncbi_100859903
HYOU1,NA
IAP,NA
IAPP,NA
IARS,NA
ID1,ncbi_395282
ID2,ncbi_395852
ID3,ncbi_395281
Idh2,NA
IDI1,NA
IFI27L2,ncbi_403121
IFI35,ncbi_420011
IFI6,ncbi_403120
IFIH1,ncbi_424185
IFIT5,ncbi_423790
IFITM3,ncbi_770612
IFITM5,ncbi_422992
IFNA3,ncbi_396398
IFNAL1,ncbi_100859414
IFNAR1,NA
IFNAR2,NA
IFNG,NA
IFNGR1,NA
IFNGR2,NA
IFRD1,NA
IGF2,ncbi_395097
IGF2BP2,ncbi_424865
IGFBP2,NA
IGFBP3,NA
IGFBP4,NA
IGFBP5,ncbi_424220
IGHMBP2,NA
IKZF3,NA
IL10,NA
IL10RB,NA
IL12A,NA
IL12RB2,NA
IL13,NA
IL13RA1,ncbi_422230
IL15,ncbi_395258
IL15RA,ncbi_416686
IL16,NA
IL17RA,NA
IL18,NA
IL1B,NA
IL1R2,NA
IL1RL1,NA
IL20RA,NA
IL22,NA
IL23R,XLOC_009995
IL28RA,NA
IL2RA,NA
IL3,NA
IL4,NA
IL4I1,ncbi_417039
IL5,NA
IL6,NA
IL6ST,NA
IL7,ncbi_420193
IL7R,ncbi_426054
IL8,NA
IL8L2,ncbi_396495
IL8RB,NA
ILK,NA
INHBA,ncbi_396361
INOC1,NA
INPP4B,NA
INPP5A,NA
INPP5D,NA
INPP5E,NA
INSM2,ncbi_107053590
IP6K2,NA
IQGAP1,NA
IQSEC3,ncbi_418146
IRF1,ncbi_396384
IRF2,NA
IRF4,NA
IRF5,NA
IRF7,ncbi_396330
IRF8,ncbi_396385
IRF9,ncbi_395243
ISG12-2,NA
ISG20L1,NA
ISG20L2,NA
ISL2,ncbi_396382
ITGA3,NA
ITGAV,NA
ITGB1,NA
ITGB2,NA
ITGB3,ncbi_374209
ITGB5,NA
ITGB6,NA
ITGB8,NA
ITK,NA
ITPR1,NA
Itpripl1,XLOC_007745
JAG1,NA
JAK1,NA
JAK2,ncbi_374199
JARID1A,NA
JMJD2A,NA
JUN,NA
KAL1,NA
KAZN,ncbi_426211
KCND3,ncbi_374228
KCNF1,ncbi_428652
KCNJ5,ncbi_395925
KCTD14,NA
KDELR2,NA
KIAA0020,NA
KIAA0082,NA
KIAA0152,NA
KIAA0174,NA
KIAA0226,NA
KIAA0423,NA
KIAA1217,NA
KIF11,NA
KIF1A,NA
KIF26A,ncbi_423489
KIF9,NA
KIFC1,NA
KIFC3,NA
KLF11,NA
KLF5,NA
KLHL10,ncbi_420033
KMO,NA
KPNA2,NA
KPNA4,NA
KRAS,NA
KRT14,NA
KRT18,ncbi_101749333
KRT4,NA
KRT5,NA
KRT8,NA
KRTC42L,ncbi_420039
LACTB,NA
LAG3,NA
LAMB1,NA
LAMP1,NA
LAMP2,NA
LAMP3,NA
LAP3,NA
LAPTM4B,NA
LARGE,NA
LARP5,NA
LARS2,NA
LBA1,NA
LCAT,NA
LCOR,NA
LCP1,NA
LDHB,NA
LEPR,NA
LGALS3,NA
LGMN,NA
LIFR,NA
LIG3,NA
LIMCH1,ncbi_422780
LIMK2,NA
LIPA,NA
LMNB2,NA
LMO2,NA
LMOD1,ncbi_771476
LOC100857117,ncbi_100857117
LOC100857840,ncbi_100857840
LOC100858381,ncbi_100858381
LOC100859302,ncbi_100859302
LOC100859304,ncbi_100859304
LOC100859848,ncbi_100859848
LOC101748229,ncbi_101748229
LOC101748329,ncbi_101748329
LOC101748577,ncbi_101748577
LOC101749583,ncbi_101749583
LOC101750112,ncbi_101750112
LOC101750271,ncbi_101750271
LOC101751046,ncbi_101751046
LOC101752046,ncbi_101752046
LOC107049026,ncbi_107049026
LOC107049114,ncbi_107049114
LOC107049250,ncbi_107049250
LOC107049469,ncbi_107049469
LOC107050833,ncbi_107050833
LOC107052134,ncbi_107052134
LOC107052152,ncbi_107052152
LOC107052494,ncbi_107052494
LOC107052684,ncbi_107052684
LOC107052968,ncbi_107052968
LOC107053055,ncbi_107053055
LOC107053353,ncbi_107053353
LOC107053690,ncbi_107053690
LOC107054459,ncbi_107054459
LOC107054474,ncbi_107054704
LOC107054710,ncbi_107054710
LOC107055315,ncbi_107055315
LOC107055319,ncbi_107055319
LOC107055361,ncbi_107055361
LOC107055485,ncbi_107055485
LOC107055677,ncbi_107055677
LOC107055678,ncbi_107055678
LOC107056921,ncbi_107056921
LOC112529960,ncbi_112529960
LOC112529985,ncbi_112529985
LOC112530130,ncbi_112530130
LOC112530287,ncbi_112530287
LOC112530332,ncbi_112530332
LOC112531119,ncbi_112531119
LOC112531280,ncbi_112531280
LOC112531377,ncbi_112531377
LOC112531378,ncbi_112531378
LOC112531384,ncbi_112531384
LOC112531552,ncbi_112531552
LOC112531693,ncbi_112531693
LOC112531724,ncbi_112531724
LOC112531899,ncbi_112531899
LOC112532141,ncbi_112532141
LOC112532617,ncbi_112532617
LOC112532725,ncbi_112532725
LOC112532784,ncbi_112532784
LOC112533211,ncbi_112533211
LOC112533356,ncbi_112533356
LOC112533547,ncbi_112533547
LOC414835,ncbi_414835
LOC415756,ncbi_415756
LOC415780,ncbi_415780
LOC416147,ncbi_416147
LOC417973,ncbi_417973
LOC418108,ncbi_418108
LOC418423,ncbi_418423
LOC420486,ncbi_420486
LOC421506,ncbi_421506
LOC423462,ncbi_423462
LOC427369,ncbi_427369
LOC769884,ncbi_769884
LOC770762,NA
LOC771422,ncbi_771422
LOC772080,ncbi_772080
LOC772243,ncbi_772243
LOC776275,ncbi_776275
LOXL4,ncbi_769927
LPGAT1,NA
LPIN2,NA
LPL,NA
LPP,NA
LPXN,ncbi_423129
LRMP,ncbi_418205
LRP4,ncbi_423189
LRRC25,ncbi_107055369
LRRC31,ncbi_424994
LRRC32,ncbi_428121
LTBP2,ncbi_428888
LTC4S,NA
LTK,NA
LY6E,ncbi_395550
LY96,NA
LYGL,ncbi_418700
LYZ,NA
M6PRBP1,NA
MAD2L1BP,NA
MAFB,NA
MAFF,NA
MAFG,NA
MAFK,NA
MALL,NA
MAML1,NA
MAML2,ncbi_428088
MANSC1,NA
MAP1A,NA
MAP1B,NA
MAP2K1,NA
MAP2K2,NA
MAP3K1,NA
MAP3K14,NA
MAP3K5,NA
MAP3K7IP1,NA
MAP3K8,NA
MAPRE1,NA
MARCKSL1,NA
MASTL,NA
MATR3,NA
MB21D2,ncbi_424905
MBL2,NA
MC2R,NA
MCAM,NA
MCF2L2,ncbi_424959
MCFD2,NA
MCL1,NA
MCM3,NA
MCM4,NA
MCM6,NA
MCOLN2,NA
MCTP1,ncbi_427113
MDGA2,ncbi_423563
MDM2,ncbi_395609
ME1,NA
MED15,NA
MEGF11,ncbi_415545
MEIKIN,ncbi_771537
MEIS2,NA
MEOX1,NA
MERTK,NA
METAP2,NA
METTL11B,ncbi_429066
MFAP1,NA
MGP,NA
MGST1,NA
MGST2,NA
MICALL2,NA
MINPP1,NA
MITD1,ncbi_418698
MKI67,NA
MLF1,NA
MLF2,NA
MME,NA
MMP23B,NA
MMP9,NA
MOV10,ncbi_419872
MPO,NA
MPST,NA
MRPL12,NA
MRPL19,NA
MRPL23,NA
MRPL32,NA
MRPS21,NA
MST1,NA
MSX2,NA
MT3,NA
MTF2,NA
MTHFD1,NA
MTMR3,NA
MTTP,NA
MUC2,ncbi_423101
MVP,NA
MX1,ncbi_395313
MXD1,NA
MYB,NA
MYBL1,NA
MYBL2,NA
MYC,NA
MyD88,NA
MYD88,NA
MYH10,NA
MYH1E,ncbi_427788
MYH1G,ncbi_427789
MYL1,NA
MYLK,NA
MYO1F,NA
MYO9A,ncbi_101748321
MYOM2,NA
N4BP1,NA
NABP1,ncbi_424046
NACC2,ncbi_417128
NAMPT,ncbi_417707
NAP1L1,NA
NARS,NA
NAV3,ncbi_417869
NBN,ncbi_374246
NCBP1,NA
NCDN,NA
NCF1,NA
NCF2,NA
NCKAP5,ncbi_424283
NCL,NA
NCOA3,NA
NDC80,NA
NDUFV2,NA
NEK2,NA
NET1,NA
NEURL1B,ncbi_427626
NEUROD6,ncbi_420754
NF2,NA
NFIL3,NA
NFKB2,NA
NFKBIA,NA
NGFB,NA
NID2,ncbi_423583
NIPA2,NA
NKTR,NA
NLRC5,ncbi_100857413
NMI,ncbi_424314
NONO,NA
NOS2,NA
NOS2A,NA
NOTCH2,NA
NOX4,ncbi_419012
NPAL1,NA
NPAS2,NA
NPAS3,ncbi_423315
NPM1,NA
NPM2,ncbi_107050133
NPM3,ncbi_770430
NR1D2,NA
NR3C1,NA
NR4A3,ncbi_420896
NR6A1,NA
NRBP1,NA
NRG1,NA
NRIP1,NA
NSDHL,NA
NSF,NA
NSUN7,ncbi_422782
NT5C3,NA
NT5C3B,ncbi_420034
NTNG2,ncbi_417171
NUAK2,NA
NUB1,ncbi_420433
NUBP1,NA
NUDT13,ncbi_423703
NUDT2,NA
NUFIP2,NA
NUMA1,NA
NUP107,NA
NUP153,NA
NUP205,NA
NUP210L,ncbi_426146
NUP214,NA
NUP50,NA
NUP88,NA
NUTF2,NA
OASL,NA
OAT,NA
ODC1,NA
OGFR,ncbi_428150
OGT,NA
OLFML1,ncbi_428842
OPRL1,NA
OPRM1,ncbi_421644
OPTN,NA
ORM1,ncbi_395220
OSMR,NA
OTP,ncbi_554220
OTUD4,NA
P2RX5,ncbi_395507
P2RX7,ncbi_771952
P2RY14,NA
P2RY6,NA
P4HA1,NA
PABPC1,NA
PABPC4,NA
PAFAH1B2,NA
PAK2,NA
PAK5,ncbi_416734
PALM2,NA
PANX1,ncbi_772164
PANX2,ncbi_426934
PAPD4,NA
PAQR9,ncbi_100858936
PARP1,NA
PARP12,ncbi_418100
PARP14,ncbi_101747378
PARP4,NA
PARP9,ncbi_424269
PARVG,NA
PASK,NA
PATL2,ncbi_415327
PAX6,NA
PCBP2,NA
PCCB,NA
PCDH7,NA
PCGF5,ncbi_423796
PCMT1,NA
PCNA,NA
PCP4,NA
PCTK2,NA
PDE9A,ncbi_418538
PDGFA,NA
PDGFRA,ncbi_395509
PDGFRL,NA
PDIA6,NA
PDK1,NA
PDK4,ncbi_420570
PDLIM3,NA
PDSS2,NA
PECAM1,NA
PEPCK-M,NA
PFKFB3,NA
PGD,NA
PGK1,NA
PGS1,NA
PHF11,NA
PHF15,NA
PHIP,NA
PHLDA1,ncbi_107052797
PHYHIP,ncbi_112530160
PI15,NA
PI4K2B,NA
PIAS1,NA
PIGA,ncbi_418624
PIGH,NA
PIGK,NA
PIGR,NA
PIGT,NA
PIK3R1,NA
PIK3R5,NA
PITX1,NA
PITX2,NA
PKD1,NA
PKN2,NA
PKP4,NA
PLAC8,NA
PLCB1,ncbi_427687
PLCD1,NA
PLCXD1,ncbi_418673
PLCZ1,NA
PLEK,ncbi_395669
PLEKHC1,NA
PLEKHO1,NA
PLK2,ncbi_427150
PLOD2,NA
PLS3,NA
PLSCR1,NA
PLVAP,ncbi_100857417
PLXNB2,NA
PMCH,NA
PML,ncbi_415302
PMM2,NA
PMP22,NA
PMPCB,NA
PNN,NA
PNPLA2,NA
PNPT1,NA
PNRC1,NA
POLD3,NA
POLD4,ncbi_112532567
POLG,NA
POLR2B,NA
POLR2C,NA
POLR2F,NA
POLR2H,NA
POLR2I,NA
POLR2K,NA
POLR3F,NA
PON2,NA
POPDC2,ncbi_404229
POSTN,ncbi_395429
POU2AF1,ncbi_373994
PPAP2B,NA
PPARG,NA
PPIB,NA
PPID,NA
PPM1B,NA
PPM1J,ncbi_419873
PPM1K,NA
PPP1CB,NA
PPP1R10,NA
PPP1R2,NA
PPP1R3E,ncbi_395787
PPP2R2A,NA
Ppp3ca,NA
PPP3CA,NA
PPT1,NA
PRDX4,NA
PRF1,NA
PRIC285,NA
PRIM2,NA
PRKAA1,NA
PRKAG1,NA
PRKAG2,NA
PRKAR1A,NA
PRKCI,NA
PRKDC,NA
PRKRIR,NA
PRL,NA
PRNP,NA
PROCR,NA
PROX1,ncbi_395802
PRPF18,NA
PRPF8,NA
PRPS2,NA
PRRX2,ncbi_396314
PSMA2,NA
PSMA3,NA
PSMA4,NA
PSMA7,NA
PSMB1,NA
PSMB2,NA
PSMC1,NA
PSMC2,NA
PSMC3,NA
PSMC6,NA
PSMD1,NA
PSME4,NA
PSTPIP1,NA
PTCH1,NA
PTCHD3L,ncbi_101750175
PTDSS2,NA
PTGES,NA
PTGS2,NA
PTP4A2,NA
PTPN1,NA
PTPN11,NA
PTPN2,NA
PTPRF,NA
PTPRK,NA
PTPRN2,ncbi_420449
PTPRO,NA
PTS,NA
PTX3,NA
PUF60,NA
PUM1,NA
PUS1,NA
PXK,ncbi_416065
PYGL,NA
QDPR,NA
R3HDM1,NA
RAB11A,NA
RAB11B,NA
RAB2,NA
RAB24,NA
RAB27A,NA
RAB28,NA
RAB36,NA
RAB39A,ncbi_101748614
RAB40B,NA
RAB5A,NA
RAB7,NA
RAB7A,NA
RAB9A,NA
RABGAP1L,NA
RAC2,NA
RAD21,NA
RALBP1,NA
RALY,NA
RANBP1,NA
RANP1,NA
RAP1B,NA
RASA3,NA
RASA4,NA
RASGEF1B,ncbi_100859744
RB1,NA
RB1CC1,NA
RBBP4,NA
RBBP8NL,ncbi_101747728
RBM25,NA
RBM43,ncbi_424313
RBM5,NA
RBM7,NA
RBMS1,NA
RBMS3,NA
RBMX,NA
RBP4,NA
RBX1,NA
RCAN1,NA
RECK,NA
RECQL,NA
RELN,ncbi_427850
RERE,NA
RET,ncbi_396107
RFC1,NA
RFC2,NA
RFX5,ncbi_100857912
RGS1,NA
RGS14,NA
RGS2,NA
RHOA,NA
RHOB,ncbi_395734
RHOC,ncbi_395869
RHOG,NA
RHOQ,NA
RIN2,NA
RIPK1,NA
RIPK2,NA
RIT1,NA
RNASEL,NA
RNF144B,ncbi_420827
RNF19B,ncbi_419669
RNF2,NA
RNF213,NA
ROD1,NA
RP11-400G3.5,ncbi_100858007
RPA3,NA
RPL21,NA
RPL22,NA
RPL31,NA
RPL37A,NA
RPL4,NA
RPL5,NA
RPLP0,NA
RPLP1,NA
RPS17,NA
RPS23,NA
RPS24,NA
RPS25,NA
RPS3,NA
RPSA,NA
RRAD,NA
RREB1,NA
RRM1,NA
RSAD2,ncbi_428650
RTDR1,NA
RUNX2,NA
RUNX3,NA
RXFP3,ncbi_431664
S100A11,NA
S100B,NA
S1PR4,ncbi_430495
SAMD4A,NA
SAMD9L,ncbi_420559
SAMHD1,ncbi_419125
SAP18,NA
SARDH,NA
SAT1,NA
SBF1,NA
SC4MOL,NA
SCARB2,NA
SCD,NA
SCG5,NA
SCRN1,NA
SCUBE1,NA
SCYA4,NA
SCYE1,NA
SDC2,NA
SDC4,NA
SDCBP,NA
SDHA,NA
SEC23A,NA
SELENBP1,NA
SEMA3F,NA
SEPP1,NA
SEPT12,ncbi_416408
SEPT7,NA
SEPT8,NA
SERPINB1,ncbi_420894
SERPINB2,NA
SERPINF2,ncbi_100857105
SETDB2,ncbi_418866
SF3A1,NA
SFPQ,NA
SFRS1,NA
SFRS2,NA
SFRS3,NA
SFTPA1,NA
SFXN4,NA
SGCB,NA
SGK1,NA
SGSH,NA
SGSM3,NA
SH3BP2,NA
SH3GLB1,NA
SH3PXD2A,NA
SH3RF3,ncbi_418731
SH3TC2,ncbi_426627
SHFM1,NA
SIDT2,NA
SIK1,ncbi_395417
SIRPA,NA
SIX1,NA
SKIV2L2,NA
SKP1,NA
SLA,NA
SLBP,NA
SLC13A1,ncbi_770198
SLC14A2,NA
SLC16A1,NA
SLC17A8,ncbi_427877
SLC17A9,ncbi_419236
SLC1A1,NA
SLC23A2,NA
SLC23A3,ncbi_429039
SLC25A1,NA
SLC25A22,NA
SLC25A28,NA
SLC25A29,ncbi_423456
SLC25A3,NA
SLC25A47,ncbi_423457
SLC26A1,ncbi_101748788
SLC26A8,ncbi_771137
SLC2A1,NA
SLC2A5,NA
SLC2A6,ncbi_425954
SLC2A9,NA
SLC30A1,NA
SLC31A2,NA
SLC3A1,NA
SLC4A11,ncbi_422943
SLC4A4,ncbi_422649
SLC5A1,NA
SLC5A9,ncbi_424625
SLC6A6,NA
SLC7A1,NA
SLC7A5,NA
SLC9A2,NA
SLCO2A1,ncbi_424862
SMAD1,NA
SMAD3,NA
SMAD9,ncbi_395543
SMARCB1,NA
SMC1B,NA
SMC3,NA
SMCHD1,ncbi_421057
SMTN,NA
SMYD3,NA
SNAI1,ncbi_396047
SNAP25,NA
SNN,NA
SNRPB2,NA
SNX10,ncbi_420628
SOCS1,ncbi_416630
SOCS2,NA
SOCS3,ncbi_395299
SOCS7,NA
SORD,NA
SP2,NA
SP3,NA
SPEG,NA
SPI1,NA
SPP1,NA
SPP2,NA
SPSB1,NA
SPTLC2,NA
SQLE,NA
SRD5A2,ncbi_772291
SREBF1,NA
SREBF2,NA
SRI,NA
SRM,NA
SRP14,NA
SRP9,NA
SSB,NA
SSBP1,NA
SSBP3,NA
SSR1,NA
SSTR4,NA
ST13,NA
ST14,ncbi_419731
ST3GAL2,NA
ST7,NA
ST8SIA4,ncbi_374155
STAR,NA
STARD13,NA
STARD5,NA
Stat1,NA
STAT1,ncbi_424044
STAT2,ncbi_100858732
Stat3,NA
STAT3,NA
STAT4,NA
STAU2,NA
STC2,NA
STK32A,ncbi_416351
STMN2,NA
STOML1,ncbi_415303
STOX1,ncbi_100858074
STRN,NA
STX1A,NA
STX8,NA
STXBP1,NA
STXBP3,NA
SULT1E1,NA
SUMO1,NA
SUMO3,NA
SURF1,NA
SYBL1,NA
SYCP2,ncbi_419219
SYN2,NA
TAC1,NA
TAF11,NA
TAGAP,NA
TAGLN,NA
Tap1,NA
TAP2,NA
TAPBP,ncbi_417048
TAPBPL,ncbi_426340
TARBP1,NA
TARS,NA
TAX1BP3,NA
TBC1D10A,NA
TBC1D5,NA
TBC1D8,NA
TBCC,NA
TBR1,ncbi_429029
TBX3,NA
TCF24,ncbi_429524
TCF4,NA
TCF7L2,NA
TCFL5,NA
TCP1,NA
TCP11,ncbi_419897
TEAD1,NA
TEAD4,NA
TERT,NA
TF,NA
TFAM,NA
TFAP2A,ncbi_395982
TFCP2,NA
TFEC,NA
TFIP11,NA
TFPI,NA
TFPI2,NA
TFRC,NA
TGFB2,ncbi_421352
TGFBI,NA
TGFBR2,NA
TGFBR3,NA
TGIF1,NA
TGM4,ncbi_420706
THBS1,NA
THOC4,NA
THRSP,NA
THSD7B,ncbi_424297
TIAL1,NA
TIFA,ncbi_422692
TIMP2,ncbi_374178
TIMP3,NA
TIMP4,NA
TIPARP,NA
TK1,NA
TLDC2,ncbi_101747236
TLE4,NA
TLK2,NA
TLN1,NA
TLR2,NA
TLR3,ncbi_422720
TLR4,NA
TLR5,NA
TLR7,NA
TM4SF1,NA
TM4SF18,ncbi_771841
TMED10,NA
TMEM110,NA
TMEM140,ncbi_417940
TMEM158,ncbi_776186
TMEM173,ncbi_768990
TMEM41B,NA
TMEM45A,ncbi_418389
TMEM49,NA
TMEM51,NA
TMPRSS2,ncbi_418528
TNC,ncbi_396440
TNFAIP2,NA
TNFAIP3,NA
TNFAIP6,ncbi_424315
TNFRSF11B,ncbi_378803
TNFRSF1A,NA
TNFRSF1B,NA
TNFSF10,NA
Tnfsf11,NA
TNFSF13B,NA
TNFSF8,NA
TNIP3,ncbi_771693
TNNT2,NA
TOMM20,NA
TOP1,NA
TOP2A,NA
TOP2B,NA
TOR1BL,ncbi_417192
TOR3A,NA
TOX3,ncbi_415724
TP53BP1,NA
TP73,ncbi_419382
TPM1,NA
TPO,NA
TPSNRL,ncbi_100857331
TPST1,NA
TPT1,NA
TRA2A,NA
TRADD,NA
TRAF-1,NA
TRAF1,NA
TRAF4,NA
TRAF5,NA
TRAF6,NA
TRAFD1,ncbi_416884
TRAIL-LIKE,NA
TRAM2,NA
TRANK1,ncbi_420728
TRAP1,NA
TREX1,NA
TRIM14,NA
TRIM25,ncbi_417401
TRIM58,ncbi_770718
TRIM66,ncbi_423056
TRIM8,NA
TRIP12,NA
TRMT12,NA
TROVE2,NA
TRPM6,XLOC_018329
TRPV2,ncbi_417603
TSC22D1,NA
TSHB,NA
TTC1,NA
TTC3,NA
TTK,NA
TTLL4,NA
TUB,NA
TUBA1C,NA
TUBA4A,NA
TUBA8A,ncbi_418166
TUBB,NA
TUBB3,NA
TULP1,ncbi_395321
TXN,NA
TYRO3,NA
UBA7,NA
UBE1L,NA
UBE2E1,NA
UBE2J1,NA
UBE2L3,NA
UBE2L6,ncbi_100858073
UBE2N,NA
UBE2V2,NA
UBE3A,NA
UBE4B,NA
UBR4,NA
UCHL3,NA
UGCG,NA
UHRF1,NA
ULK4,NA
UNC13C,ncbi_415413
UNC93B1,NA
UNG,NA
UPP1,NA
UPP2,NA
UQCRB,NA
UQCRC1,NA
UQCRC2,NA
UQCRFSL1,NA
USP1,NA
USP10,NA
USP18,ncbi_418167
USP25,NA
USP4,NA
USP42,NA
USP50,ncbi_101747474
VAT1,ncbi_420009
VCAM1,ncbi_424467
VEGF,NA
VEGFC,NA
VIP,NA
VNN1,NA
VPS13D,NA
VRK1,NA
VSNL1,NA
VSTM2L,ncbi_419297
WARS,NA
WASF2,NA
WDFY1,NA
WDR31,NA
WDR43,NA
WHDC1,NA
WISP2,ncbi_419192
WNT1,ncbi_396160
WNT5B,ncbi_418154
WNT7A,ncbi_374168
WNT9A,NA
WWP1,NA
XAF1,NA
XDH,ncbi_396025
XG,NA
XKR4,ncbi_100858171
XLOC_000204,XLOC_000204
XLOC_000505,XLOC_000505
XLOC_001390,XLOC_001390
XLOC_001970,XLOC_001970
XLOC_001972,XLOC_001972
XLOC_002210,XLOC_002210
XLOC_002263,XLOC_002263
XLOC_004019,XLOC_004019
XLOC_004210,XLOC_004210
XLOC_004590,XLOC_004590
XLOC_004781,XLOC_004781
XLOC_004839,XLOC_004839
XLOC_004852,XLOC_004852
XLOC_005030,XLOC_005030
XLOC_006649,XLOC_006649
XLOC_007980,XLOC_007980
XLOC_008277,XLOC_008277
XLOC_008511,XLOC_008511
XLOC_008840,XLOC_008840
XLOC_009268,XLOC_009268
XLOC_009363,XLOC_009363
XLOC_009804,XLOC_009804
XLOC_010851,XLOC_010851
XLOC_010943,XLOC_010943
XLOC_010965,XLOC_010965
XLOC_011629,XLOC_011629
XLOC_012347,XLOC_012347
XLOC_012536,XLOC_012536
XLOC_014008,XLOC_014008
XLOC_014013,XLOC_014013
XLOC_014558,XLOC_014558
XLOC_019671,XLOC_019671
XPNPEP3,NA
XPO1,NA
XRCC6,NA
XRN1,NA
XRN2,NA
YARS,NA
YF6,ncbi_427737
YWHAE,NA
YWHAZ,NA
YY1,NA
ZAK,NA
ZBTB20,ncbi_100859265
ZBTB41,NA
ZC3HAV1,ncbi_426315
ZCCHC2,NA
ZDHHC4,ncbi_416561
ZEB1,NA
ZFX,NA
ZMAT5,NA
ZNF142,NA
ZNF143,NA
ZNF295,NA
ZNF313,NA
ZNF592,NA
ZNFX1,ncbi_419218
ZNRF3,NA
ZRF1,NA
ZYX,NA
