"gene_name","ensembl_id"
"MAP1A","ENSGALG00010000044"
"TP53BP1","ENSGALG00010000045"
"IQGAP1","ENSGALG00010000047"
"MFAP1","ENSGALG00010000059"
"NF2","ENSGALG00010000153"
"GAL3ST1","ENSGALG00010000200"
"SF3A1","ENSGALG00010000215"
"TBC1D10A","ENSGALG00010000221"
"MTMR3","ENSGALG00010000263"
"ZMAT5","ENSGALG00010000307"
"EWSR1","ENSGALG00010000341"
"ASCC2","ENSGALG00010000376"
"TBX3","ENSGALG00010000443"
"FBXO21","ENSGALG00010000466"
"UPP1","ENSGALG00010000621"
"UCHL3","ENSGALG00010000810"
"KLF5","ENSGALG00010000820"
"P2RY14","ENSGALG00010001122"
"CP","ENSGALG00010001123"
"EIF2A","ENSGALG00010001133"
"GYG1","ENSGALG00010001135"
"CDKN2B","ENSGALG00010001144"
"ALDH7A1","ENSGALG00010001156"
"KPNA4","ENSGALG00010001164"
"IL12A","ENSGALG00010001176"
"PTPN2","ENSGALG00010001185"
"IFRD1","ENSGALG00010001198"
"PANX2","ENSGALG00010001210"
"TFEC","ENSGALG00010001219"
"PLXNB2","ENSGALG00010001220"
"GRM8","ENSGALG00010001223"
"PTX3","ENSGALG00010001230"
"FAM3C","ENSGALG00010001264"
"LPIN2","ENSGALG00010001279"
"TGIF1","ENSGALG00010001288"
"EMILIN2","ENSGALG00010001313"
"SMCHD1","ENSGALG00010001364"
"SCRN1","ENSGALG00010001380"
"MME","ENSGALG00010001385"
"MC2R","ENSGALG00010001410"
"GPR37","ENSGALG00010001448"
"NDC80","ENSGALG00010001457"
"TRA2A","ENSGALG00010001482"
"TIPARP","ENSGALG00010001499"
"RBMS3","ENSGALG00010001504"
"AP1S2","ENSGALG00010001510"
"CAV2","ENSGALG00010001517"
"TBC1D5","ENSGALG00010001521"
"EEF1A1","ENSGALG00010001525"
"NR1D2","ENSGALG00010001528"
"EPB41L3","ENSGALG00010001556"
"INPP5A","ENSGALG00010001567"
"PIGA","ENSGALG00010001606"
"UBE2E1","ENSGALG00010001668"
"ILK","ENSGALG00010001689"
"SLC13A1","ENSGALG00010001714"
"TM4SF1","ENSGALG00010001721"
"RAB5A","ENSGALG00010001760"
"CNTN1","ENSGALG00010001785"
"HOXA4","ENSGALG00010001808"
"RALBP1","ENSGALG00010001823"
"POLD3","ENSGALG00010001829"
"NDUFV2","ENSGALG00010001849"
"MYOM2","ENSGALG00010001850"
"HNRNPA2B1","ENSGALG00010001857"
"CBX3","ENSGALG00010001861"
"CYBB","ENSGALG00010001865"
"OAT","ENSGALG00010001877"
"SNX10","ENSGALG00010001888"
"TLR7","ENSGALG00010001897"
"PRPS2","ENSGALG00010001901"
"POLR2I","ENSGALG00010001929"
"IL6","ENSGALG00010001941"
"THRSP","ENSGALG00010001976"
"KCTD14","ENSGALG00010001987"
"GCLC","ENSGALG00010002041"
"CLNS1A","ENSGALG00010002065"
"GDPD4","ENSGALG00010002113"
"CLDN34","ENSGALG00010002142"
"EIF3A","ENSGALG00010002150"
"CAPN5","ENSGALG00010002160"
"CDKL5","ENSGALG00010002161"
"SFXN4","ENSGALG00010002202"
"ST7","ENSGALG00010002280"
"TGFBR2","ENSGALG00010002281"
"CAV1","ENSGALG00010002285"
"TPO","ENSGALG00010002300"
"PRIM2","ENSGALG00010002336"
"CD99","ENSGALG00010002338"
"BEND6","ENSGALG00010002350"
"CMTM6","ENSGALG00010002359"
"DHRSX","ENSGALG00010002360"
"VSNL1","ENSGALG00010002364"
"GEMIN8","ENSGALG00010002369"
"BAG3","ENSGALG00010002371"
"POSTN","ENSGALG00010002373"
"DST","ENSGALG00010002374"
"CMPK2","ENSGALG00010002380"
"CYCS","ENSGALG00010002409"
"NUMA1","ENSGALG00010002430"
"TTK","ENSGALG00010002437"
"KLF11","ENSGALG00010002444"
"RAB9A","ENSGALG00010002448"
"TOP2B","ENSGALG00010002453"
"DDX3X","ENSGALG00010002476"
"HPSE","ENSGALG00010002522"
"ATP6AP2","ENSGALG00010002546"
"KIFC1","ENSGALG00010002599"
"PLCXD1","ENSGALG00010002601"
"PDIA6","ENSGALG00010002609"
"AZI2","ENSGALG00010002622"
"KCNF1","ENSGALG00010002644"
"IL4I1","ENSGALG00010002669"
"E2F6","ENSGALG00010002730"
"PDK4","ENSGALG00010002741"
"EIF3G","ENSGALG00010002781"
"P2RY6","ENSGALG00010002807"
"SHFM1","ENSGALG00010002817"
"BMP3","ENSGALG00010002819"
"NIPA2","ENSGALG00010002860"
"FABP5","ENSGALG00010002870"
"RASGEF1B","ENSGALG00010002880"
"MYBL1","ENSGALG00010002911"
"RPS3","ENSGALG00010002912"
"SDCBP","ENSGALG00010002916"
"HMGB2","ENSGALG00010002939"
"GDPD5","ENSGALG00010002946"
"DLX6","ENSGALG00010002948"
"DLX5","ENSGALG00010002959"
"ME1","ENSGALG00010002972"
"BLB1","ENSGALG00010002991"
"CMTM7","ENSGALG00010002999"
"CYP7B1","ENSGALG00010003006"
"TAPBP","ENSGALG00010003019"
"DDX1","ENSGALG00010003057"
"BRD2","ENSGALG00010003068"
"ELF1","ENSGALG00010003072"
"EIF2S3","ENSGALG00010003077"
"TFPI2","ENSGALG00010003097"
"BF1","ENSGALG00010003110"
"ID2","ENSGALG00010003117"
"ARMC1","ENSGALG00010003121"
"TAP1","ENSGALG00010003131"
"SAT1","ENSGALG00010003133"
"TAP2","ENSGALG00010003159"
"C3","ENSGALG00010003164"
"RHOG","ENSGALG00010003187"
"PRDX4","ENSGALG00010003214"
"SPP1","ENSGALG00010003220"
"RRM1","ENSGALG00010003239"
"VEGFC","ENSGALG00010003259"
"TNFSF11","ENSGALG00010003276"
"IL7","ENSGALG00010003298"
"CASP8AP2","ENSGALG00010003300"
"EREG","ENSGALG00010003322"
"STMN2","ENSGALG00010003323"
"HEY1","ENSGALG00010003330"
"EPSTI1","ENSGALG00010003331"
"TAC1","ENSGALG00010003334"
"ADAM17","ENSGALG00010003348"
"HBE1","ENSGALG00010003363"
"ASNS","ENSGALG00010003382"
"UBE2J1","ENSGALG00010003383"
"PNRC1","ENSGALG00010003437"
"TSC22D1","ENSGALG00010003466"
"PPM1K","ENSGALG00010003531"
"PI15","ENSGALG00010003552"
"TPT1","ENSGALG00010003558"
"RSAD2","ENSGALG00010003583"
"POLR2B","ENSGALG00010003676"
"STAU2","ENSGALG00010003733"
"PITX2","ENSGALG00010003740"
"HOPX","ENSGALG00010003746"
"ITGB8","ENSGALG00010003791"
"LCP1","ENSGALG00010003795"
"BF2","ENSGALG00010003817"
"PHIP","ENSGALG00010003819"
"CFI","ENSGALG00010003845"
"LY96","ENSGALG00010003869"
"RB1","ENSGALG00010003900"
"CAMK2D","ENSGALG00010003914"
"GLCCI1","ENSGALG00010003982"
"FNDC3A","ENSGALG00010003986"
"SETDB2","ENSGALG00010004049"
"TIFA","ENSGALG00010004065"
"PHF11","ENSGALG00010004083"
"RB1CC1","ENSGALG00010004085"
"ARID1B","ENSGALG00010004101"
"SCARB2","ENSGALG00010004104"
"TCF24","ENSGALG00010004143"
"COPS5","ENSGALG00010004154"
"FGF2","ENSGALG00010004219"
"ARMC3","ENSGALG00010004231"
"LTBP2","ENSGALG00010004325"
"DIO2","ENSGALG00010004333"
"SLC4A4","ENSGALG00010004340"
"ADAMTS3","ENSGALG00010004385"
"TCP1","ENSGALG00010004434"
"ACAT2","ENSGALG00010004446"
"CLDND1","ENSGALG00010004451"
"SRI","ENSGALG00010004454"
"XKR4","ENSGALG00010004583"
"ELMOD1","ENSGALG00010004669"
"CD47","ENSGALG00010004736"
"HTR2A","ENSGALG00010004769"
"CDK14","ENSGALG00010004777"
"PTPRK","ENSGALG00010004798"
"ZEB1","ENSGALG00010004855"
"ACAT1","ENSGALG00010004890"
"SPTLC2","ENSGALG00010004933"
"DDX10","ENSGALG00010004939"
"RAB39A","ENSGALG00010004949"
"MAP3K8","ENSGALG00010004987"
"ENPP1","ENSGALG00010005087"
"GATA6","ENSGALG00010005127"
"IL8L2","ENSGALG00010005131"
"ALCAM","ENSGALG00010005150"
"ARHGAP21","ENSGALG00010005159"
"FGF14","ENSGALG00010005184"
"CCNA2","ENSGALG00010005217"
"EXOSC9","ENSGALG00010005227"
"GATA3","ENSGALG00010005232"
"VIP","ENSGALG00010005240"
"CCDC80","ENSGALG00010005242"
"KIAA1217","ENSGALG00010005245"
"OPRM1","ENSGALG00010005256"
"ANXA5","ENSGALG00010005260"
"CYP51A1","ENSGALG00010005267"
"MTTP","ENSGALG00010005268"
"GSTZ1","ENSGALG00010005270"
"FLT1","ENSGALG00010005282"
"IFNGR1","ENSGALG00010005291"
"BLZF1","ENSGALG00010005293"
"IL20RA","ENSGALG00010005314"
"PARP4","ENSGALG00010005316"
"MASTL","ENSGALG00010005326"
"DCTN1","ENSGALG00010005337"
"MAP3K5","ENSGALG00010005342"
"TNIP3","ENSGALG00010005357"
"MEIS2","ENSGALG00010005359"
"CAMK1D","ENSGALG00010005360"
"DPT","ENSGALG00010005369"
"OPTN","ENSGALG00010005383"
"BCLAF1","ENSGALG00010005401"
"ABCC4","ENSGALG00010005402"
"PRKDC","ENSGALG00010005415"
"PPP3CA","ENSGALG00010005416"
"MCM4","ENSGALG00010005430"
"UBE2V2","ENSGALG00010005441"
"IRF5","ENSGALG00010005486"
"TXN","ENSGALG00010005495"
"DYNLT1","ENSGALG00010005503"
"PCMT1","ENSGALG00010005540"
"TAGAP","ENSGALG00010005558"
"FILIP1L","ENSGALG00010005559"
"CDH2","ENSGALG00010005621"
"ITGB1","ENSGALG00010005632"
"HADH","ENSGALG00010005634"
"TMEM45A","ENSGALG00010005679"
"PRPF18","ENSGALG00010005699"
"AKAP12","ENSGALG00010005704"
"ELAVL2","ENSGALG00010005738"
"AIG1","ENSGALG00010005748"
"RPL21","ENSGALG00010005785"
"NPAS3","ENSGALG00010005829"
"COMMD3","ENSGALG00010005853"
"MYB","ENSGALG00010005884"
"CCNH","ENSGALG00010005887"
"NFKBIA","ENSGALG00010005913"
"UGCG","ENSGALG00010005963"
"CDC123","ENSGALG00010006015"
"TNFAIP3","ENSGALG00010006025"
"ADH1C","ENSGALG00010006035"
"IL2RA","ENSGALG00010006175"
"RPS23","ENSGALG00010006178"
"TMED10","ENSGALG00010006188"
"FOS","ENSGALG00010006212"
"PFKFB3","ENSGALG00010006245"
"COX7C","ENSGALG00010006252"
"GNG10","ENSGALG00010006277"
"SMAD9","ENSGALG00010006331"
"SEC23A","ENSGALG00010006343"
"ABCE1","ENSGALG00010006353"
"SGK1","ENSGALG00010006359"
"CCNA1","ENSGALG00010006366"
"SBF1","ENSGALG00010006372"
"PNN","ENSGALG00010006382"
"OTUD4","ENSGALG00010006387"
"SMAD1","ENSGALG00010006404"
"ZBTB20","ENSGALG00010006517"
"USP10","ENSGALG00010006558"
"STARD13","ENSGALG00010006592"
"IRF8","ENSGALG00010006715"
"NET1","ENSGALG00010006853"
"FOXG1","ENSGALG00010006854"
"INSM2","ENSGALG00010006860"
"SMYD3","ENSGALG00010006922"
"GTPBP2","ENSGALG00010006983"
"ACSL1","ENSGALG00010007007"
"HMGB1","ENSGALG00010007011"
"SRD5A2","ENSGALG00010007017"
"E2F3","ENSGALG00010007051"
"CEBPZ","ENSGALG00010007090"
"SLC7A1","ENSGALG00010007106"
"ARL6","ENSGALG00010007110"
"IRF2","ENSGALG00010007130"
"BLVRA","ENSGALG00010007133"
"FOXL1","ENSGALG00010007155"
"FOXF1","ENSGALG00010007223"
"DHFR","ENSGALG00010007224"
"CDH5","ENSGALG00010007270"
"ATP9B","ENSGALG00010007319"
"CD200","ENSGALG00010007321"
"NOX4","ENSGALG00010007357"
"EGFR","ENSGALG00010007381"
"EIF2AK2","ENSGALG00010007382"
"CYP1B1","ENSGALG00010007388"
"RNF144B","ENSGALG00010007433"
"STRN","ENSGALG00010007441"
"CDH13","ENSGALG00010007529"
"BIRC2","ENSGALG00010007658"
"DEK","ENSGALG00010007758"
"AGT","ENSGALG00010007759"
"NRIP1","ENSGALG00010007819"
"INHBA","ENSGALG00010007868"
"GCSH","ENSGALG00010007869"
"AvBD4","ENSGALG00010007875"
"PSMB1","ENSGALG00010007878"
"BCO1","ENSGALG00010007880"
"PSMA2","ENSGALG00010007903"
"MRPL32","ENSGALG00010007905"
"IFI6","ENSGALG00010007911"
"MCM3","ENSGALG00010007916"
"EIF3E","ENSGALG00010007926"
"MRPL19","ENSGALG00010007941"
"APOB","ENSGALG00010007977"
"RECK","ENSGALG00010007982"
"MYC","ENSGALG00010007986"
"TARBP1","ENSGALG00010007988"
"LY6E","ENSGALG00010008029"
"RHOB","ENSGALG00010008046"
"BAG1","ENSGALG00010008057"
"USP25","ENSGALG00010008058"
"DDX60","ENSGALG00010008064"
"CHMP5","ENSGALG00010008065"
"SDHA","ENSGALG00010008075"
"PRL","ENSGALG00010008082"
"EFR3A","ENSGALG00010008093"
"TUBB3","ENSGALG00010008107"
"CDC5L","ENSGALG00010008120"
"DNAJA1","ENSGALG00010008149"
"TERT","ENSGALG00010008150"
"RUNX2","ENSGALG00010008166"
"SLA","ENSGALG00010008176"
"HNRNPU","ENSGALG00010008192"
"DUSP1","ENSGALG00010008227"
"CNTN5","ENSGALG00010008242"
"MAML2","ENSGALG00010008267"
"CELSR1","ENSGALG00010008275"
"BCKDHA","ENSGALG00010008284"
"AKT3","ENSGALG00010008323"
"NR4A3","ENSGALG00010008346"
"PUF60","ENSGALG00010008347"
"MATR3","ENSGALG00010008361"
"GALNT1","ENSGALG00010008389"
"CD36","ENSGALG00010008392"
"GNAI1","ENSGALG00010008407"
"MSX2","ENSGALG00010008416"
"IGFBP3","ENSGALG00010008429"
"FKBP1B","ENSGALG00010008455"
"EEF1D","ENSGALG00010008561"
"PANX1","ENSGALG00010008580"
"HBEGF","ENSGALG00010008688"
"PPID","ENSGALG00010008825"
"SQLE","ENSGALG00010008860"
"FNDC4","ENSGALG00010008877"
"DBN1","ENSGALG00010008906"
"NRBP1","ENSGALG00010008966"
"RAD21","ENSGALG00010009038"
"TFAM","ENSGALG00010009043"
"EXT1","ENSGALG00010009091"
"DARS","ENSGALG00010009094"
"CXCR4","ENSGALG00010009099"
"HTRA3","ENSGALG00010009102"
"THSD7B","ENSGALG00010009106"
"RPLP1","ENSGALG00010009113"
"HNMT","ENSGALG00010009147"
"FABP6","ENSGALG00010009202"
"TNFRSF11B","ENSGALG00010009219"
"PCDH7","ENSGALG00010009266"
"TTC1","ENSGALG00010009303"
"BNIP1","ENSGALG00010009311"
"LAMB1","ENSGALG00010009336"
"STC2","ENSGALG00010009346"
"HSF1","ENSGALG00010009352"
"IL15","ENSGALG00010009362"
"DMXL1","ENSGALG00010009367"
"RAB28","ENSGALG00010009372"
"INPP4B","ENSGALG00010009381"
"GPI","ENSGALG00010009385"
"NFIL3","ENSGALG00010009444"
"B4GALT1","ENSGALG00010009486"
"TOMM20","ENSGALG00010009508"
"FGL2","ENSGALG00010009518"
"PMPCB","ENSGALG00010009541"
"HADHA","ENSGALG00010009551"
"RAB24","ENSGALG00010009560"
"HADHB","ENSGALG00010009562"
"NCBP1","ENSGALG00010009593"
"PSMC2","ENSGALG00010009643"
"GALNT2","ENSGALG00010009647"
"RRAD","ENSGALG00010009666"
"TFAP2A","ENSGALG00010009668"
"ACO1","ENSGALG00010009676"
"ANK3","ENSGALG00010009679"
"RBM43","ENSGALG00010009690"
"EDN1","ENSGALG00010009717"
"RELN","ENSGALG00010009720"
"NMI","ENSGALG00010009731"
"HMMR","ENSGALG00010009732"
"PPP1R3E","ENSGALG00010009779"
"TNFAIP6","ENSGALG00010009793"
"RNASEL","ENSGALG00010009830"
"CACNA1E","ENSGALG00010009941"
"GLUL","ENSGALG00010010014"
"CCT8","ENSGALG00010010077"
"SLC2A9","ENSGALG00010010094"
"MGST2","ENSGALG00010010107"
"IQSEC3","ENSGALG00010010154"
"DSP","ENSGALG00010010188"
"IL10RB","ENSGALG00010010253"
"SSR1","ENSGALG00010010270"
"ZBTB41","ENSGALG00010010334"
"FBXW11","ENSGALG00010010347"
"RREB1","ENSGALG00010010349"
"FANCC","ENSGALG00010010393"
"PTCH1","ENSGALG00010010406"
"NPM1","ENSGALG00010010420"
"POLR2F","ENSGALG00010010421"
"SOCS2","ENSGALG00010010431"
"SLC7A5","ENSGALG00010010461"
"FGFBP2","ENSGALG00010010467"
"CD38","ENSGALG00010010505"
"SLC25A3","ENSGALG00010010588"
"APAF1","ENSGALG00010010618"
"ALDH9A1","ENSGALG00010010635"
"SREBF2","ENSGALG00010010706"
"ADAMTS5","ENSGALG00010010712"
"HEXB","ENSGALG00010010769"
"UPP2","ENSGALG00010010778"
"F2RL2","ENSGALG00010010783"
"NABP1","ENSGALG00010010786"
"XRCC6","ENSGALG00010010792"
"PKP4","ENSGALG00010010824"
"CCL19","ENSGALG00010010889"
"APP","ENSGALG00010010915"
"CYYR1","ENSGALG00010010931"
"PI4K2B","ENSGALG00010010945"
"NARS","ENSGALG00010010986"
"LAP3","ENSGALG00010010997"
"SFTPA1","ENSGALG00010011009"
"QDPR","ENSGALG00010011018"
"HMGCR","ENSGALG00010011029"
"MBL2","ENSGALG00010011044"
"ABL2","ENSGALG00010011049"
"TOR3A","ENSGALG00010011055"
"GRIN2B","ENSGALG00010011090"
"ABCG1","ENSGALG00010011104"
"RET","ENSGALG00010011131"
"NUP153","ENSGALG00010011210"
"PDE9A","ENSGALG00010011244"
"ANGPTL1","ENSGALG00010011271"
"CRY1","ENSGALG00010011282"
"PMCH","ENSGALG00010011331"
"TCF4","ENSGALG00010011360"
"OTP","ENSGALG00010011364"
"PABPC1","ENSGALG00010011414"
"RIPK1","ENSGALG00010011418"
"ACADL","ENSGALG00010011424"
"UQCRB","ENSGALG00010011428"
"DRAM1","ENSGALG00010011431"
"IRF4","ENSGALG00010011461"
"CPS1","ENSGALG00010011469"
"SDC2","ENSGALG00010011477"
"NCF2","ENSGALG00010011503"
"MYL1","ENSGALG00010011505"
"SLC17A8","ENSGALG00010011553"
"LAPTM4B","ENSGALG00010011556"
"SERPINB1","ENSGALG00010011626"
"IAPP","ENSGALG00010011680"
"MAP1B","ENSGALG00010011681"
"NUP205","ENSGALG00010011702"
"YWHAZ","ENSGALG00010011703"
"RNF2","ENSGALG00010011752"
"CREB3","ENSGALG00010011759"
"IL17RA","ENSGALG00010011776"
"TLN1","ENSGALG00010011793"
"METAP2","ENSGALG00010011796"
"CECR1","ENSGALG00010011860"
"CCT2","ENSGALG00010011871"
"SIK1","ENSGALG00010011896"
"NUDT2","ENSGALG00010011911"
"CXXC5","ENSGALG00010011913"
"PIK3R1","ENSGALG00010011922"
"ELK3","ENSGALG00010011929"
"ST8SIA4","ENSGALG00010011935"
"SLC1A1","ENSGALG00010011937"
"ZCCHC2","ENSGALG00010011963"
"TMEM173","ENSGALG00010011969"
"SCUBE1","ENSGALG00010011981"
"LYZ","ENSGALG00010011983"
"FN1","ENSGALG00010011984"
"CSNK1A1","ENSGALG00010011991"
"TMEM140","ENSGALG00010012028"
"NUP50","ENSGALG00010012043"
"IFNAR1","ENSGALG00010012049"
"HMGA2","ENSGALG00010012062"
"RGS14","ENSGALG00010012064"
"STXBP3","ENSGALG00010012066"
"IFNGR2","ENSGALG00010012077"
"CHIC1","ENSGALG00010012081"
"MGP","ENSGALG00010012083"
"HELB","ENSGALG00010012090"
"SMC1B","ENSGALG00010012104"
"ERAP1","ENSGALG00010012124"
"SLC14A2","ENSGALG00010012134"
"ARFGAP3","ENSGALG00010012147"
"GEM","ENSGALG00010012200"
"TRIM14","ENSGALG00010012240"
"ABLIM3","ENSGALG00010012297"
"SH3TC2","ENSGALG00010012312"
"ATXN10","ENSGALG00010012329"
"BCL2L13","ENSGALG00010012343"
"COL6A3","ENSGALG00010012362"
"IFNA3","ENSGALG00010012381"
"IFNA3","ENSGALG00010012388"
"NEURL1B","ENSGALG00010012391"
"IFNA3","ENSGALG00010012397"
"RIPK2","ENSGALG00010012401"
"IFNA3","ENSGALG00010012403"
"IFNA3","ENSGALG00010012411"
"BID","ENSGALG00010012415"
"LAMP2","ENSGALG00010012431"
"FST","ENSGALG00010012441"
"PDSS2","ENSGALG00010012466"
"CETN2","ENSGALG00010012469"
"IL22","ENSGALG00010012472"
"RAP1B","ENSGALG00010012538"
"CDC73","ENSGALG00010012586"
"NUP107","ENSGALG00010012600"
"TUBA8A","ENSGALG00010012601"
"USP18","ENSGALG00010012633"
"NBN","ENSGALG00010012671"
"MDM2","ENSGALG00010012683"
"PTPRO","ENSGALG00010012702"
"SPP2","ENSGALG00010012708"
"RGS2","ENSGALG00010012714"
"ACO2","ENSGALG00010012720"
"IL7R","ENSGALG00010012726"
"MGST1","ENSGALG00010012732"
"GTPBP1","ENSGALG00010012753"
"EPS8","ENSGALG00010012768"
"FABP7","ENSGALG00010012780"
"RGS1","ENSGALG00010012788"
"PITX1","ENSGALG00010012790"
"JAK2","ENSGALG00010012833"
"TGFBI","ENSGALG00010012839"
"DDX17","ENSGALG00010012842"
"NSDHL","ENSGALG00010012857"
"RCAN1","ENSGALG00010012879"
"RBX1","ENSGALG00010012900"
"XPNPEP3","ENSGALG00010012910"
"EGFLAM","ENSGALG00010012913"
"GLRX","ENSGALG00010012918"
"GLIPR1","ENSGALG00010012924"
"IL6ST","ENSGALG00010012930"
"FBN2","ENSGALG00010012940"
"SLC9A2","ENSGALG00010012976"
"MAFF","ENSGALG00010012998"
"ID1","ENSGALG00010013018"
"MAP3K1","ENSGALG00010013033"
"FSD1L","ENSGALG00010013045"
"PARP12","ENSGALG00010013063"
"SGSM3","ENSGALG00010013084"
"ADSL","ENSGALG00010013095"
"CD40","ENSGALG00010013112"
"TARS","ENSGALG00010013116"
"TTC3","ENSGALG00010013135"
"MCTP1","ENSGALG00010013149"
"COL3A1","ENSGALG00010013170"
"TNFSF13B","ENSGALG00010013172"
"DYRK1A","ENSGALG00010013181"
"CLTA","ENSGALG00010013183"
"LDHB","ENSGALG00010013184"
"B4GALT5","ENSGALG00010013192"
"CAMLG","ENSGALG00010013198"
"GYS2","ENSGALG00010013201"
"DUSP6","ENSGALG00010013226"
"MAPRE1","ENSGALG00010013275"
"ATP2B1","ENSGALG00010013285"
"TFPI","ENSGALG00010013303"
"GAK","ENSGALG00010013313"
"NOTCH2","ENSGALG00010013323"
"PARVG","ENSGALG00010013324"
"LIFR","ENSGALG00010013329"
"OSMR","ENSGALG00010013344"
"ETS2","ENSGALG00010013349"
"WWP1","ENSGALG00010013354"
"BTG1","ENSGALG00010013359"
"ARHGAP8","ENSGALG00010013376"
"SH3RF3","ENSGALG00010013378"
"ITGAV","ENSGALG00010013386"
"NAP1L1","ENSGALG00010013389"
"HMGN1","ENSGALG00010013391"
"AKR1B1","ENSGALG00010013417"
"BPGM","ENSGALG00010013428"
"NPAS2","ENSGALG00010013436"
"CD74","ENSGALG00010013450"
"PUM1","ENSGALG00010013453"
"S100B","ENSGALG00010013461"
"CALD1","ENSGALG00010013465"
"RPL31","ENSGALG00010013470"
"RFC1","ENSGALG00010013477"
"TBC1D8","ENSGALG00010013480"
"SIRPA","ENSGALG00010013526"
"PCP4","ENSGALG00010013549"
"UBE2N","ENSGALG00010013551"
"FASLG","ENSGALG00010013583"
"SLC26A1","ENSGALG00010013587"
"IL1R2","ENSGALG00010013619"
"PDGFRA","ENSGALG00010013621"
"SSBP1","ENSGALG00010013625"
"BCL6","ENSGALG00010013635"
"PLCZ1","ENSGALG00010013636"
"CLDN1","ENSGALG00010013646"
"NAV3","ENSGALG00010013648"
"NCDN","ENSGALG00010013719"
"AFF4","ENSGALG00010013737"
"FUT10","ENSGALG00010013751"
"FAM110A","ENSGALG00010013768"
"IL1RL1","ENSGALG00010013797"
"HSPA4","ENSGALG00010013805"
"MX1","ENSGALG00010013809"
"AHR2","ENSGALG00010013824"
"TMPRSS2","ENSGALG00010013833"
"IFI27L2","ENSGALG00010013837"
"RECQL","ENSGALG00010013867"
"SFPQ","ENSGALG00010013890"
"WNT5B","ENSGALG00010013899"
"NRG1","ENSGALG00010013914"
"STAT1","ENSGALG00010013934"
"LPL","ENSGALG00010013954"
"STK32A","ENSGALG00010013959"
"STAT4","ENSGALG00010014000"
"CDC16","ENSGALG00010014001"
"SKIV2L2","ENSGALG00010014041"
"FMO3","ENSGALG00010014056"
"GGA1","ENSGALG00010014062"
"ALDH1A1","ENSGALG00010014104"
"AHR1B","ENSGALG00010014105"
"ANXA1","ENSGALG00010014114"
"COL4A1","ENSGALG00010014128"
"CD164","ENSGALG00010014156"
"DPM1","ENSGALG00010014205"
"RASA3","ENSGALG00010014217"
"PHLDA1","ENSGALG00010014238"
"KRAS","ENSGALG00010014246"
"GABRA2","ENSGALG00010014303"
"ARL10","ENSGALG00010014305"
"GBE","ENSGALG00010014321"
"COL4A2","ENSGALG00010014324"
"PRKAA1","ENSGALG00010014397"
"ATP13A3","ENSGALG00010014411"
"RAC2","ENSGALG00010014418"
"PTPN1","ENSGALG00010014474"
"CEBPB","ENSGALG00010014573"
"LAMP1","ENSGALG00010014654"
"GP5","ENSGALG00010014668"
"IL13RA1","ENSGALG00010014682"
"CSF3R","ENSGALG00010014690"
"MPST","ENSGALG00010014801"
"TLR2","ENSGALG00010014865"
"FAM26E","ENSGALG00010014866"
"RABGAP1L","ENSGALG00010014886"
"COL8A2","ENSGALG00010014897"
"EIF3D","ENSGALG00010014917"
"FGG","ENSGALG00010014956"
"KMO","ENSGALG00010014963"
"ITGB2","ENSGALG00010014976"
"LPP","ENSGALG00010014984"
"TFRC","ENSGALG00010015029"
"PSMB2","ENSGALG00010015046"
"MMP9","ENSGALG00010015061"
"HSPD1","ENSGALG00010015069"
"EDN2","ENSGALG00010015070"
"SNAI1","ENSGALG00010015071"
"ITK","ENSGALG00010015076"
"GABRA3","ENSGALG00010015087"
"HSPE1","ENSGALG00010015092"
"PPT1","ENSGALG00010015109"
"ADAMTS2","ENSGALG00010015111"
"CLDN2","ENSGALG00010015115"
"CYP24A1","ENSGALG00010015154"
"HMOX1","ENSGALG00010015155"
"GFPT2","ENSGALG00010015161"
"PLK2","ENSGALG00010015163"
"TRPM6","ENSGALG00010015320"
"PSMD1","ENSGALG00010015388"
"TIMP3","ENSGALG00010015407"
"LGMN","ENSGALG00010015472"
"UBE3A","ENSGALG00010015520"
"ACSL4","ENSGALG00010015540"
"IRF9","ENSGALG00010015562"
"B3GNT7","ENSGALG00010015563"
"LIMCH1","ENSGALG00010015570"
"NCL","ENSGALG00010015618"
"APBB2","ENSGALG00010015636"
"NSUN7","ENSGALG00010015664"
"TNFAIP2","ENSGALG00010015698"
"XRN1","ENSGALG00010015719"
"HPRT1","ENSGALG00010015742"
"EIF5","ENSGALG00010015759"
"VSTM2L","ENSGALG00010015801"
"CKB","ENSGALG00010015804"
"PAQR9","ENSGALG00010015814"
"MITD1","ENSGALG00010015816"
"RUNX3","ENSGALG00010015825"
"PDGFRL","ENSGALG00010015862"
"VRK1","ENSGALG00010015865"
"EIF5B","ENSGALG00010015870"
"SKP1","ENSGALG00010015876"
"TLE4","ENSGALG00010015946"
"CTSA","ENSGALG00010015954"
"POLR2H","ENSGALG00010015987"
"ENAH","ENSGALG00010015989"
"ATP10A","ENSGALG00010015992"
"COPS2","ENSGALG00010016027"
"TGM4","ENSGALG00010016030"
"SRP9","ENSGALG00010016047"
"EPB41","ENSGALG00010016111"
"EPRS","ENSGALG00010016118"
"FABP1","ENSGALG00010016147"
"POLG","ENSGALG00010016150"
"IL3","ENSGALG00010016157"
"ASPG","ENSGALG00010016159"
"CD40LG","ENSGALG00010016205"
"KIF26A","ENSGALG00010016247"
"EDN3","ENSGALG00010016253"
"ULK4","ENSGALG00010016286"
"IRF1","ENSGALG00010016289"
"IL5","ENSGALG00010016298"
"IL13","ENSGALG00010016321"
"IL4","ENSGALG00010016327"
"TRAP1","ENSGALG00010016346"
"MCF2L2","ENSGALG00010016355"
"CTSH","ENSGALG00010016411"
"HELZ2","ENSGALG00010016426"
"ID3","ENSGALG00010016447"
"FMR1","ENSGALG00010016449"
"LAMP3","ENSGALG00010016456"
"CCK","ENSGALG00010016489"
"SGCB","ENSGALG00010016547"
"DCUN1D4","ENSGALG00010016560"
"YY1","ENSGALG00010016569"
"DEGS1","ENSGALG00010016573"
"GNL2","ENSGALG00010016600"
"SLBP","ENSGALG00010016616"
"SLC25A47","ENSGALG00010016619"
"CAPN2","ENSGALG00010016626"
"EGR1","ENSGALG00010016647"
"FXR1","ENSGALG00010016652"
"EPHA2","ENSGALG00010016653"
"TRANK1","ENSGALG00010016655"
"SLC25A29","ENSGALG00010016657"
"UBE4B","ENSGALG00010016661"
"PRKCI","ENSGALG00010016692"
"CLUAP1","ENSGALG00010016700"
"PGD","ENSGALG00010016724"
"ARHGAP26","ENSGALG00010016732"
"TRMT12","ENSGALG00010016742"
"DFFA","ENSGALG00010016751"
"NR3C1","ENSGALG00010016758"
"ANLN","ENSGALG00010016788"
"CSF1R","ENSGALG00010016804"
"LRRC31","ENSGALG00010016812"
"EPHB2","ENSGALG00010016847"
"WASF2","ENSGALG00010016849"
"FLT4","ENSGALG00010016867"
"HSP90AA1","ENSGALG00010016869"
"PLOD2","ENSGALG00010016915"
"OGT","ENSGALG00010016932"
"PSME4","ENSGALG00010016938"
"CANX","ENSGALG00010016947"
"LTC4S","ENSGALG00010016951"
"GINS1","ENSGALG00010016952"
"GJA4","ENSGALG00010016953"
"EIF4A3","ENSGALG00010016961"
"MAML1","ENSGALG00010016964"
"PLSCR1","ENSGALG00010016973"
"MALL","ENSGALG00010016975"
"ASB2","ENSGALG00010016987"
"PDLIM3","ENSGALG00010016991"
"NONO","ENSGALG00010017010"
"BUB1","ENSGALG00010017024"
"CRYM","ENSGALG00010017106"
"TLR3","ENSGALG00010017131"
"UQCRC2","ENSGALG00010017140"
"BCL11A","ENSGALG00010017162"
"CDV3","ENSGALG00010017163"
"COL16A1","ENSGALG00010017250"
"PIAS1","ENSGALG00010017264"
"PMM2","ENSGALG00010017266"
"CCR5","ENSGALG00010017278"
"PTP4A2","ENSGALG00010017312"
"RERE","ENSGALG00010017344"
"ENO1","ENSGALG00010017362"
"ERLIN2","ENSGALG00010017368"
"MARCKSL1","ENSGALG00010017380"
"BRF2","ENSGALG00010017395"
"SLC2A5","ENSGALG00010017402"
"HDAC1","ENSGALG00010017415"
"APOD","ENSGALG00010017424"
"PSMA3","ENSGALG00010017428"
"FGF13","ENSGALG00010017434"
"SPSB1","ENSGALG00010017441"
"PPP1R2","ENSGALG00010017453"
"CCR9","ENSGALG00010017455"
"SH3BP2","ENSGALG00010017464"
"ATP6V0C","ENSGALG00010017476"
"TNFRSF1B","ENSGALG00010017489"
"PARP1","ENSGALG00010017496"
"HDC","ENSGALG00010017510"
"EIF4G1","ENSGALG00010017540"
"SREBF1","ENSGALG00010017541"
"LARS2","ENSGALG00010017552"
"DUSP10","ENSGALG00010017559"
"ALK","ENSGALG00010017563"
"ADAM9","ENSGALG00010017571"
"MTHFD1","ENSGALG00010017583"
"MB21D2","ENSGALG00010017587"
"CCNF","ENSGALG00010017595"
"RBBP4","ENSGALG00010017608"
"PSMC1","ENSGALG00010017610"
"CALM1","ENSGALG00010017643"
"SLC2A1","ENSGALG00010017667"
"WDR43","ENSGALG00010017677"
"YARS","ENSGALG00010017678"
"ATP6V1B2","ENSGALG00010017694"
"RNF19B","ENSGALG00010017699"
"FGFRL1","ENSGALG00010017706"
"ATOH8","ENSGALG00010017718"
"STAR","ENSGALG00010017783"
"DUSP5","ENSGALG00010017804"
"HIF1A","ENSGALG00010017810"
"PABPC4","ENSGALG00010017826"
"PLEK","ENSGALG00010017831"
"RAB11A","ENSGALG00010017870"
"COMMD1","ENSGALG00010017876"
"MEGF11","ENSGALG00010017904"
"AP3M2","ENSGALG00010017920"
"MERTK","ENSGALG00010017922"
"SIX1","ENSGALG00010017933"
"AMPH","ENSGALG00010017970"
"PKD1","ENSGALG00010017973"
"SLC4A11","ENSGALG00010017983"
"MAP2K1","ENSGALG00010018000"
"LIPA","ENSGALG00010018011"
"IFIT5","ENSGALG00010018016"
"RPL4","ENSGALG00010018036"
"PSMC6","ENSGALG00010018043"
"SSTR4","ENSGALG00010018057"
"GOLGA7","ENSGALG00010018062"
"FOXA2","ENSGALG00010018076"
"SMAD3","ENSGALG00010018099"
"ZDHHC4","ENSGALG00010018102"
"XRN2","ENSGALG00010018148"
"BMP4","ENSGALG00010018174"
"JAG1","ENSGALG00010018226"
"PRNP","ENSGALG00010018261"
"SNAP25","ENSGALG00010018327"
"RIN2","ENSGALG00010018351"
"PAK5","ENSGALG00010018367"
"ARPP21","ENSGALG00010018378"
"SMC3","ENSGALG00010018388"
"EPAS1","ENSGALG00010018414"
"RHOQ","ENSGALG00010018420"
"LOXL4","ENSGALG00010018430"
"PPP2R2A","ENSGALG00010018438"
"PLCB1","ENSGALG00010018443"
"FBN1","ENSGALG00010018446"
"IL1B","ENSGALG00010018460"
"BMP2","ENSGALG00010018503"
"TNFSF10","ENSGALG00010018540"
"GHSR","ENSGALG00010018549"
"TBCC","ENSGALG00010018557"
"FNDC3B","ENSGALG00010018579"
"POLR3F","ENSGALG00010018588"
"LGALS3","ENSGALG00010018593"
"TRIM8","ENSGALG00010018608"
"HTR2C","ENSGALG00010018615"
"MYLK","ENSGALG00010018627"
"XDH","ENSGALG00010018628"
"ERRFI1","ENSGALG00010018719"
"PLS3","ENSGALG00010018752"
"DSTN","ENSGALG00010018786"
"GCH1","ENSGALG00010018806"
"TRAF5","ENSGALG00010018822"
"SAMD4A","ENSGALG00010018834"
"CAMK2B","ENSGALG00010018835"
"CGRRF1","ENSGALG00010018847"
"GMFB","ENSGALG00010018876"
"TCF7L2","ENSGALG00010018901"
"ACKR4","ENSGALG00010018943"
"GLI2","ENSGALG00010018968"
"MDGA2","ENSGALG00010018983"
"GCK","ENSGALG00010018990"
"ALDH1A3","ENSGALG00010019001"
"CASP7","ENSGALG00010019034"
"KDELR2","ENSGALG00010019108"
"ACOT7","ENSGALG00010019141"
"PNPT1","ENSGALG00010019166"
"RPL22","ENSGALG00010019212"
"TRAIL-LIKE","ENSGALG00010019260"
"SNRPB2","ENSGALG00010019263"
"HK2","ENSGALG00010019264"
"STARD5","ENSGALG00010019267"
"SOCS1","ENSGALG00010019269"
"IGFBP5","ENSGALG00010019277"
"IGFBP2","ENSGALG00010019282"
"RPL37A","ENSGALG00010019288"
"ATF3","ENSGALG00010019307"
"XPO1","ENSGALG00010019337"
"CD93","ENSGALG00010019399"
"NCKAP5","ENSGALG00010019443"
"TGFB2","ENSGALG00010019470"
"NUBP1","ENSGALG00010019471"
"PYGL","ENSGALG00010019481"
"EMP2","ENSGALG00010019495"
"MXD1","ENSGALG00010019577"
"MICALL2","ENSGALG00010019614"
"NID2","ENSGALG00010019673"
"MAFK","ENSGALG00010019675"
"NEUROD6","ENSGALG00010019676"
"TMEM158","ENSGALG00010019682"
"ACSL5","ENSGALG00010019785"
"R3HDM1","ENSGALG00010019786"
"FAH","ENSGALG00010019803"
"BCL2A1","ENSGALG00010019825"
"MAD2L1BP","ENSGALG00010019832"
"MCM6","ENSGALG00010019843"
"MCFD2","ENSGALG00010019878"
"PIGH","ENSGALG00010019891"
"ARG2","ENSGALG00010019912"
"PPP1CB","ENSGALG00010019972"
"ITGB5","ENSGALG00010019996"
"FSHR","ENSGALG00010019997"
"ERLIN1","ENSGALG00010019999"
"EIF2S1","ENSGALG00010020008"
"ARL6IP5","ENSGALG00010020070"
"GNB1","ENSGALG00010020118"
"ATXN7","ENSGALG00010020152"
"MMP23B","ENSGALG00010020187"
"IDH2","ENSGALG00010020277"
"HEG1","ENSGALG00010020284"
"NPM2","ENSGALG00010020292"
"ARHGAP25","ENSGALG00010020323"
"RBP4","ENSGALG00010020357"
"PCNA","ENSGALG00010020374"
"PPM1B","ENSGALG00010020386"
"ACTN1","ENSGALG00010020389"
"SLC23A2","ENSGALG00010020392"
"CHL1","ENSGALG00010020396"
"SLC3A1","ENSGALG00010020402"
"ERCC4","ENSGALG00010020422"
"ALDH4A1","ENSGALG00010020467"
"ANKRD1","ENSGALG00010020507"
"UBR4","ENSGALG00010020517"
"PCGF5","ENSGALG00010020540"
"CMTR1","ENSGALG00010020548"
"DTX3L","ENSGALG00010020569"
"PARP9","ENSGALG00010020584"
"ARID5A","ENSGALG00010020597"
"LPGAT1","ENSGALG00010020611"
"NEK2","ENSGALG00010020623"
"SLC30A1","ENSGALG00010020625"
"TRIM66","ENSGALG00010020629"
"CYP2C23a","ENSGALG00010020676"
"CYR61","ENSGALG00010020677"
"TUB","ENSGALG00010020692"
"PTPN11","ENSGALG00010020701"
"PROX1","ENSGALG00010020704"
"PTDSS2","ENSGALG00010020721"
"RPS24","ENSGALG00010020723"
"ABCC1","ENSGALG00010020745"
"GLT1D1","ENSGALG00010020765"
"B4GALNT4","ENSGALG00010020770"
"SNN","ENSGALG00010020781"
"HTD2","ENSGALG00010020806"
"IFITM5","ENSGALG00010020810"
"MCOLN2","ENSGALG00010020811"
"RANBP1","ENSGALG00010020833"
"LCOR","ENSGALG00010020866"
"PXK","ENSGALG00010020880"
"ARL6IP1","ENSGALG00010020916"
"ABCD3","ENSGALG00010020934"
"TMEM51","ENSGALG00010020971"
"IFIH1","ENSGALG00010020999"
"NFKB2","ENSGALG00010021000"
"KAZN","ENSGALG00010021003"
"RBM25","ENSGALG00010021015"
"FHIT","ENSGALG00010021016"
"GCG","ENSGALG00010021021"
"CSRP3","ENSGALG00010021030"
"NPM3","ENSGALG00010021034"
"PTGS2","ENSGALG00010021038"
"EIF4G2","ENSGALG00010021044"
"CTR9","ENSGALG00010021050"
"MYO9A","ENSGALG00010021062"
"TBR1","ENSGALG00010021076"
"SCD","ENSGALG00010021083"
"AMPD3","ENSGALG00010021085"
"THBS1","ENSGALG00010021087"
"ADM","ENSGALG00010021090"
"VPS13D","ENSGALG00010021092"
"GOLGA3","ENSGALG00010021102"
"RBMS1","ENSGALG00010021103"
"ITGB6","ENSGALG00010021106"
"AVEN","ENSGALG00010021111"
"CYP1A2","ENSGALG00010021117"
"ECE1","ENSGALG00010021126"
"DDX18","ENSGALG00010021138"
"PTPRF","ENSGALG00010021153"
"ZNF143","ENSGALG00010021160"
"CAMK2G","ENSGALG00010021169"
"GCLM","ENSGALG00010021195"
"SH3PXD2A","ENSGALG00010021215"
"GLO1","ENSGALG00010021229"
"ACTB","ENSGALG00010021232"
"ANXA7","ENSGALG00010021248"
"STOML1","ENSGALG00010021263"
"CBFB","ENSGALG00010021264"
"NUDT13","ENSGALG00010021269"
"COL17A1","ENSGALG00010021287"
"P4HA1","ENSGALG00010021302"
"TP73","ENSGALG00010021318"
"SLC6A6","ENSGALG00010021320"
"CD86","ENSGALG00010021372"
"KIF11","ENSGALG00010021378"
"GDF5","ENSGALG00010021385"
"BUD31","ENSGALG00010021414"
"MANSC1","ENSGALG00010021419"
"RPLP0","ENSGALG00010021427"
"CPSF4","ENSGALG00010021431"
"OLFML1","ENSGALG00010021450"
"SLC25A1","ENSGALG00010021452"
"UNG","ENSGALG00010021483"
"UNC93B1","ENSGALG00010021493"
"SLC23A3","ENSGALG00010021501"
"MLF2","ENSGALG00010021530"
"KIFC3","ENSGALG00010021534"
"CYP27A1","ENSGALG00010021541"
"CBX1","ENSGALG00010021565"
"TTLL4","ENSGALG00010021574"
"ERH","ENSGALG00010021576"
"ADGRL4","ENSGALG00010021613"
"ZNF142","ENSGALG00010021626"
"ATP6V0D1","ENSGALG00010021637"
"SCG5","ENSGALG00010021639"
"PIGT","ENSGALG00010021680"
"ITPR1","ENSGALG00010021688"
"FNBP4","ENSGALG00010021695"
"DR1","ENSGALG00010021701"
"RAB27A","ENSGALG00010021713"
"SDC4","ENSGALG00010021717"
"ARNTL","ENSGALG00010021726"
"SRM","ENSGALG00010021731"
"EDEM1","ENSGALG00010021736"
"MTF2","ENSGALG00010021753"
"SLC17A9","ENSGALG00010021754"
"USP42","ENSGALG00010021756"
"MAFB","ENSGALG00010021761"
"AGRN","ENSGALG00010021766"
"UNC13C","ENSGALG00010021779"
"RPL5","ENSGALG00010021788"
"TEAD1","ENSGALG00010021812"
"TAPBPL","ENSGALG00010021854"
"PDK1","ENSGALG00010021862"
"NUTF2","ENSGALG00010021887"
"EDC4","ENSGALG00010021908"
"GLMN","ENSGALG00010021980"
"ANKRD22","ENSGALG00010021999"
"NLRC5","ENSGALG00010022005"
"DRG1","ENSGALG00010022037"
"GAPDH","ENSGALG00010022038"
"SMTN","ENSGALG00010022072"
"FAS","ENSGALG00010022081"
"TGFBR3","ENSGALG00010022082"
"CHD4","ENSGALG00010022093"
"CDC7","ENSGALG00010022098"
"E2F4","ENSGALG00010022115"
"PDGFA","ENSGALG00010022164"
"CX3CL1","ENSGALG00010022202"
"EIF4E3","ENSGALG00010022219"
"FUBP1","ENSGALG00010022228"
"FAM46C","ENSGALG00010022233"
"POLR2C","ENSGALG00010022241"
"SLC25A28","ENSGALG00010022250"
"PSMC3","ENSGALG00010022256"
"OGFR","ENSGALG00010022308"
"ZNF592","ENSGALG00010022312"
"COL9A3","ENSGALG00010022320"
"TCFL5","ENSGALG00010022356"
"SPI1","ENSGALG00010022386"
"LCAT","ENSGALG00010022401"
"ADK","ENSGALG00010022429"
"PIGK","ENSGALG00010022435"
"IFI35","ENSGALG00010022439"
"SORD","ENSGALG00010022440"
"VAT1","ENSGALG00010022460"
"ATP6V1A","ENSGALG00010022478"
"TOP2A","ENSGALG00010022483"
"IGFBP4","ENSGALG00010022511"
"CCR7","ENSGALG00010022529"
"GPER1","ENSGALG00010022551"
"WNT1","ENSGALG00010022557"
"TMEM41B","ENSGALG00010022575"
"RBBP8NL","ENSGALG00010022609"
"TOP1","ENSGALG00010022623"
"CTCF","ENSGALG00010022627"
"SP3","ENSGALG00010022643"
"EIF1","ENSGALG00010022682"
"CDC20","ENSGALG00010022702"
"PCCB","ENSGALG00010022733"
"HNF1A","ENSGALG00010022741"
"NT5C3B","ENSGALG00010022747"
"MINPP1","ENSGALG00010022755"
"DDB2","ENSGALG00010022792"
"KLHL10","ENSGALG00010022800"
"PSMA7","ENSGALG00010022808"
"IGHMBP2","ENSGALG00010022823"
"PUS1","ENSGALG00010022824"
"ITGB3","ENSGALG00010022837"
"ACLY","ENSGALG00010022919"
"LRP4","ENSGALG00010022929"
"ADRM1","ENSGALG00010022954"
"ADAMTS8","ENSGALG00010022959"
"CKAP5","ENSGALG00010022971"
"INPP5D","ENSGALG00010022974"
"PKN2","ENSGALG00010022983"
"SLC25A22","ENSGALG00010022990"
"IRF7","ENSGALG00010023005"
"CNP","ENSGALG00010023043"
"AQP9","ENSGALG00010023054"
"PAFAH1B2","ENSGALG00010023057"
"SIDT2","ENSGALG00010023070"
"DNAJC7","ENSGALG00010023076"
"TAGLN","ENSGALG00010023078"
"SH3GLB1","ENSGALG00010023087"
"ZC3HAV1","ENSGALG00010023107"
"ETV6","ENSGALG00010023137"
"CCAR1","ENSGALG00010023140"
"TLK2","ENSGALG00010023142"
"STOX1","ENSGALG00010023157"
"CHRNA4","ENSGALG00010023162"
"TRIP12","ENSGALG00010023215"
"ST3GAL2","ENSGALG00010023220"
"HK1","ENSGALG00010023243"
"PPIB","ENSGALG00010023244"
"IL12RB2","ENSGALG00010023249"
"GLG1","ENSGALG00010023252"
"POLD4","ENSGALG00010023262"
"SRP14","ENSGALG00010023263"
"OPRL1","ENSGALG00010023269"
"PATL2","ENSGALG00010023271"
"B2M","ENSGALG00010023281"
"HCRT","ENSGALG00010023286"
"COL11A1","ENSGALG00010023293"
"PASK","ENSGALG00010023299"
"LAG3","ENSGALG00010023324"
"RPS17","ENSGALG00010023334"
"HDLBP","ENSGALG00010023338"
"GADD45A","ENSGALG00010023362"
"CPEB1","ENSGALG00010023363"
"ST14","ENSGALG00010023375"
"HOXB7","ENSGALG00010023381"
"KCNJ5","ENSGALG00010023437"
"ETV5","ENSGALG00010023489"
"SSB","ENSGALG00010023544"
"MYBL2","ENSGALG00010023572"
"TFIP11","ENSGALG00010023585"
"C1S","ENSGALG00010023603"
"PAX6","ENSGALG00010023642"
"C1R","ENSGALG00010023655"
"EXTL2","ENSGALG00010023670"
"SP2","ENSGALG00010023730"
"COX5A","ENSGALG00010023764"
"MT3","ENSGALG00010023794"
"ALOX5","ENSGALG00010023818"
"MUC2","ENSGALG00010023823"
"DBT","ENSGALG00010023826"
"USP1","ENSGALG00010023829"
"CCL20","ENSGALG00010023872"
"CTH","ENSGALG00010023888"
"TFCP2","ENSGALG00010023911"
"NCOA3","ENSGALG00010023925"
"ZYX","ENSGALG00010023926"
"ATP1B3","ENSGALG00010023940"
"ZNRF3","ENSGALG00010023946"
"KRT18","ENSGALG00010024018"
"MAP3K14","ENSGALG00010024019"
"PSTPIP1","ENSGALG00010024045"
"ISL2","ENSGALG00010024053"
"ETFA","ENSGALG00010024091"
"MCAM","ENSGALG00010024116"
"SOCS7","ENSGALG00010024122"
"LEPR","ENSGALG00010024165"
"BIRC7","ENSGALG00010024168"
"N4BP1","ENSGALG00010024178"
"PSMA4","ENSGALG00010024195"
"POU2AF1","ENSGALG00010024226"
"CCND2","ENSGALG00010024285"
"ADA","ENSGALG00010024286"
"MEOX1","ENSGALG00010024300"
"UBE2L3","ENSGALG00010024321"
"PCBP2","ENSGALG00010024325"
"ETV4","ENSGALG00010024333"
"EDEM2","ENSGALG00010024363"
"HERPUD1","ENSGALG00010024370"
"CHMP4B","ENSGALG00010024392"
"HIRA","ENSGALG00010024407"
"AMFR","ENSGALG00010024413"
"TLDC2","ENSGALG00010024418"
"SAMHD1","ENSGALG00010024424"
"FEZ1","ENSGALG00010024431"
"SLC16A1","ENSGALG00010024452"
"HPS5","ENSGALG00010024454"
"GTF2H1","ENSGALG00010024469"
"JAK1","ENSGALG00010024493"
"CLDN5","ENSGALG00010024495"
"GNGT2","ENSGALG00010024500"
"EHHADH","ENSGALG00010024516"
"LACTB","ENSGALG00010024517"
"TOX3","ENSGALG00010024523"
"ATP6V0B","ENSGALG00010024527"
"ZNFX1","ENSGALG00010024542"
"CD81","ENSGALG00010024552"
"IKZF3","ENSGALG00010024567"
"TPM1","ENSGALG00010024570"
"IGF2","ENSGALG00010024580"
"MRPL23","ENSGALG00010024590"
"COMT","ENSGALG00010024592"
"EPS15","ENSGALG00010024596"
"CD9","ENSGALG00010024600"
"PROCR","ENSGALG00010024602"
"DENND2D","ENSGALG00010024608"
"ETV7","ENSGALG00010024643"
"PRKAG1","ENSGALG00010024650"
"CCDC92","ENSGALG00010024654"
"IGF2BP2","ENSGALG00010024655"
"CSF3","ENSGALG00010024658"
"RBM7","ENSGALG00010024667"
"TUBA1C","ENSGALG00010024690"
"TRADD","ENSGALG00010024696"
"SLCO2A1","ENSGALG00010024705"
"TEAD4","ENSGALG00010024709"
"TF","ENSGALG00010024717"
"BRCA1","ENSGALG00010024722"
"SLC5A9","ENSGALG00010024728"
"AHCY","ENSGALG00010024732"
"PAK2","ENSGALG00010024742"
"EIF2S2","ENSGALG00010024754"
"CTTN","ENSGALG00010024767"
"RALY","ENSGALG00010024769"
"CDC27","ENSGALG00010024770"
"BZW1","ENSGALG00010024792"
"FKBP4","ENSGALG00010024793"
"TNFRSF1A","ENSGALG00010024837"
"LMO2","ENSGALG00010024846"
"CAPRIN1","ENSGALG00010024855"
"LMOD1","ENSGALG00010024863"
"HYOU1","ENSGALG00010024873"
"CFLAR","ENSGALG00010024876"
"CASP10","ENSGALG00010024881"
"CASP18","ENSGALG00010024887"
"CASP8","ENSGALG00010024903"
"KIF1A","ENSGALG00010024946"
"STAT2","ENSGALG00010024965"
"CD44","ENSGALG00010024974"
"APOF","ENSGALG00010024983"
"PTS","ENSGALG00010024986"
"IL18","ENSGALG00010025073"
"ATP2A2","ENSGALG00010025130"
"SUMO1","ENSGALG00010025131"
"POPDC2","ENSGALG00010025168"
"CRYAB","ENSGALG00010025192"
"P2RX7","ENSGALG00010025195"
"TRAF6","ENSGALG00010025204"
"HSPB2","ENSGALG00010025210"
"ITGA3","ENSGALG00010025286"
"NUAK2","ENSGALG00010025318"
"FADD","ENSGALG00010025338"
"EPHA4","ENSGALG00010025364"
"TSHB","ENSGALG00010025394"
"CCND1","ENSGALG00010025419"
"SSBP3","ENSGALG00010025422"
"FGF3","ENSGALG00010025487"
"SUMO3","ENSGALG00010025522"
"CSDE1","ENSGALG00010025544"
"DHCR24","ENSGALG00010025549"
"HSPA8","ENSGALG00010025592"
"CDKN1A","ENSGALG00010025613"
"CHKA","ENSGALG00010025635"
"BEST4","ENSGALG00010025688"
"GLI1","ENSGALG00010025727"
"KIF9","ENSGALG00010025736"
"ALDH2","ENSGALG00010025886"
"CPT1A","ENSGALG00010025905"
"KRT5","ENSGALG00010025946"
"TRAFD1","ENSGALG00010025971"
"EEF1B2","ENSGALG00010025974"
"NSF","ENSGALG00010025988"
"SMARCB1","ENSGALG00010025998"
"ANKS1A","ENSGALG00010026001"
"FTH1","ENSGALG00010026002"
"TAF11","ENSGALG00010026051"
"STAT3","ENSGALG00010026098"
"LPXN","ENSGALG00010026137"
"WNT9A","ENSGALG00010026166"
"ENO2","ENSGALG00010026252"
"MED15","ENSGALG00010026259"
"HMGA1","ENSGALG00010026300"
"PLCD1","ENSGALG00010026436"
"CSRP1","ENSGALG00010026508"
"BCR","ENSGALG00010026536"
"MYD88","ENSGALG00010026550"
"RAB36","ENSGALG00010026559"
"GNAZ","ENSGALG00010026569"
"CCND3","ENSGALG00010026588"
"SLC5A1","ENSGALG00010026633"
"KRT14","ENSGALG00010026690"
"WDFY1","ENSGALG00010026704"
"TNNT2","ENSGALG00010026743"
"BTG2","ENSGALG00010026775"
"TULP1","ENSGALG00010026885"
"JUN","ENSGALG00010026886"
"FKBP5","ENSGALG00010026893"
"PNPLA2","ENSGALG00010026898"
"CLTCL1","ENSGALG00010026958"
"ELK4","ENSGALG00010026977"
"LIMK2","ENSGALG00010026980"
"SLC26A8","ENSGALG00010027001"
"ARHGEF3","ENSGALG00010027027"
"HESX1","ENSGALG00010027046"
"FLNB","ENSGALG00010027114"
"NUB1","ENSGALG00010027119"
"IP6K2","ENSGALG00010027124"
"S1PR4","ENSGALG00010027127"
"PRKAG2","ENSGALG00010027135"
"IL10","ENSGALG00010027138"
"PIGR","ENSGALG00010027141"
"G0S2","ENSGALG00010027200"
"CREB3L3","ENSGALG00010027225"
"MAP2K2","ENSGALG00010027230"
"ATG7","ENSGALG00010027247"
"UQCRC1","ENSGALG00010027268"
"KCND3","ENSGALG00010027277"
"RAB7A","ENSGALG00010027283"
"MST1","ENSGALG00010027291"
"ISG20L2","ENSGALG00010027323"
"AQP1","ENSGALG00010027337"
"ADCYAP1R1","ENSGALG00010027355"
"USP4","ENSGALG00010027366"
"NUP210L","ENSGALG00010027370"
"NKTR","ENSGALG00010027374"
"ASS1","ENSGALG00010027383"
"RHOA","ENSGALG00010027386"
"RFX5","ENSGALG00010027397"
"SELENBP1","ENSGALG00010027444"
"CAPZA1","ENSGALG00010027457"
"BSG","ENSGALG00010027468"
"MOV10","ENSGALG00010027499"
"RHOC","ENSGALG00010027510"
"PPM1J","ENSGALG00010027516"
"FCER1G","ENSGALG00010027575"
"GADD45B","ENSGALG00010027576"
"SEMA3F","ENSGALG00010027590"
"BAK1","ENSGALG00010027612"
"OASL","ENSGALG00010027634"
"HYAL3","ENSGALG00010027641"
"WNT7A","ENSGALG00010027653"
"TRAF1","ENSGALG00010027665"
"S100A11","ENSGALG00010027705"
"BTN1A1","ENSGALG00010027725"
"RAB11B","ENSGALG00010027741"
"DCP1A","ENSGALG00010027787"
"SYN2","ENSGALG00010027905"
"TIMP4","ENSGALG00010027909"
"CHRNB2","ENSGALG00010027910"
"ADAR","ENSGALG00010027916"
"PPARG","ENSGALG00010027917"
"WDR31","ENSGALG00010027944"
"PRRX2","ENSGALG00010028012"
"PRF1","ENSGALG00010028016"
"ORM1","ENSGALG00010028053"
"ELAVL1","ENSGALG00010028083"
"ENG","ENSGALG00010028084"
"CDK9","ENSGALG00010028095"
"INPP5E","ENSGALG00010028134"
"NUP214","ENSGALG00010028137"
"CISH","ENSGALG00010028141"
"CARD9","ENSGALG00010028162"
"GBP","ENSGALG00010028163"
"MVP","ENSGALG00010028247"
"FBN3","ENSGALG00010028301"
"NACC2","ENSGALG00010028318"
"FDPS","ENSGALG00010028374"
"LMNB2","ENSGALG00010028375"
"RIT1","ENSGALG00010028448"
"C8G","ENSGALG00010028454"
"MCL1","ENSGALG00010028459"
"EXD3","ENSGALG00010028483"
"PTGES","ENSGALG00010028488"
"PLEKHO1","ENSGALG00010028502"
"UHRF1","ENSGALG00010028528"
"MYO1F","ENSGALG00010028548"
"MRPS21","ENSGALG00010028609"
"CTSS","ENSGALG00010028761"
"CTSK","ENSGALG00010028763"
"NTNG2","ENSGALG00010028768"
"SURF1","ENSGALG00010028859"
"SLC2A6","ENSGALG00010028872"
"SARDH","ENSGALG00010028881"
"BRD3","ENSGALG00010028885"
"SLC31A2","ENSGALG00010028891"
"STXBP1","ENSGALG00010028893"
"TNFSF8","ENSGALG00010028899"
"TNC","ENSGALG00010028900"
"TLR4","ENSGALG00010028914"
"ADGRD2","ENSGALG00010028915"
"NR6A1","ENSGALG00010028917"
"CD7","ENSGALG00010029158"
"ELN","ENSGALG00010029162"
"ANKFY1","ENSGALG00010029163"
"TRAF4","ENSGALG00010029222"
"NUP88","ENSGALG00010029253"
"CLTC","ENSGALG00010029262"
"TIMP2","ENSGALG00010029270"
"CYTH1","ENSGALG00010029284"
"MAFG","ENSGALG00010029286"
"PGS1","ENSGALG00010029294"
"SOCS3","ENSGALG00010029295"
"FBXO39","ENSGALG00010029296"
"RNF213","ENSGALG00010029301"
"SGSH","ENSGALG00010029307"
"KPNA2","ENSGALG00010029317"
"TK1","ENSGALG00010029331"
"YWHAE","ENSGALG00010029332"
"PRPF8","ENSGALG00010029347"
"MYH10","ENSGALG00010029349"
"MRPL12","ENSGALG00010029350"
"ARHGDIA","ENSGALG00010029357"
"ACACA","ENSGALG00010029360"
"PIK3R5","ENSGALG00010029365"
"DDX52","ENSGALG00010029368"
"AUTS2","ENSGALG00010029371"
"GNA13","ENSGALG00010029383"
"CYGB","ENSGALG00010029394"
"PRKAR1A","ENSGALG00010029399"
"HIC1","ENSGALG00010029401"
"RFC2","ENSGALG00010029419"
"STX1A","ENSGALG00010029519"
"AKAP1","ENSGALG00010029522"
"EVI2A","ENSGALG00010029532"
"FKBP6","ENSGALG00010029539"
"NOS2","ENSGALG00010029552"
"TRIM25","ENSGALG00010029584"
"PECAM1","ENSGALG00010029625"
"LIG3","ENSGALG00010029631"
"CCT6A","ENSGALG00010029653"
"GUSB","ENSGALG00010029663"
"TPST1","ENSGALG00010029670"
"NUFIP2","ENSGALG00010029691"
"GRB2","ENSGALG00010029705"
"TRPV2","ENSGALG00010029738"
"P2RX5","ENSGALG00010029739"
"TAX1BP3","ENSGALG00010029742"
"ASPA","ENSGALG00010029749"
"DOC2B","ENSGALG00010029778"
"CSNK1D","ENSGALG00010029859"
"FASN","ENSGALG00010029895"
"STX8","ENSGALG00010029921"
"SERPINF2","ENSGALG00010029936"
"PMP22","ENSGALG00010029937"
"CCL4","ENSGALG00010029945"
"CCL5","ENSGALG00010029947"
"GPS1","ENSGALG00010030102"
"RAB40B","ENSGALG00010030105"
